entA,interaction,entB,directed
273,pp,8867,FALSE
6455,pp,8867,FALSE
1759,pp,273,FALSE
1759,pp,6455,FALSE
1785,pp,6455,FALSE
1785,pp,273,FALSE
26052,pp,273,FALSE
26052,pp,6455,FALSE
1605,pp,7402,FALSE
2923,pp,811,FALSE
26986,pp,5094,FALSE
26986,pp,5093,FALSE
6456,pp,8867,FALSE
10133,pp,3064,FALSE
22895,pp,8573,FALSE
3688,pp,7529,FALSE
1605,pp,1605,FALSE
26088,pp,6272,FALSE
351,pp,9479,FALSE
30011,pp,6455,FALSE
30011,pp,6457,FALSE
2475,pp,5170,FALSE
2475,pp,2475,FALSE
7249,pp,7534,FALSE
7249,pp,7532,FALSE
7249,pp,7529,FALSE
53616,pp,7534,FALSE
7534,pp,8745,FALSE
7164,pp,7534,FALSE
7164,pp,7529,FALSE
3028,pp,351,FALSE
5825,pp,5825,FALSE
10484,pp,9632,FALSE
50855,pp,998,FALSE
50855,pp,5879,FALSE
2280,pp,2475,FALSE
259217,pp,4897,FALSE
5799,pp,9793,FALSE
1956,pp,966,FALSE
815,pp,87,FALSE
6635,pp,6635,FALSE
6635,pp,6636,FALSE
529,pp,534,FALSE
10006,pp,6708,FALSE
5869,pp,8411,FALSE
5868,pp,8411,FALSE
7334,pp,7335,FALSE
7316,pp,9146,FALSE
7316,pp,8027,FALSE
1956,pp,7534,FALSE
26088,pp,9135,FALSE
9135,pp,9135,FALSE
26088,pp,375,FALSE
164,pp,9135,FALSE
2885,pp,4133,FALSE
28964,pp,3064,FALSE
1400,pp,3064,FALSE
1400,pp,7431,FALSE
1937,pp,1937,FALSE
1891,pp,1937,FALSE
1891,pp,3064,FALSE
10989,pp,10989,FALSE
3064,pp,6457,FALSE
3064,pp,5217,FALSE
4747,pp,7431,FALSE
6457,pp,7431,FALSE
7431,pp,7431,FALSE
10980,pp,7431,FALSE
4747,pp,8898,FALSE
5058,pp,5879,FALSE
2316,pp,5567,FALSE
34,pp,34,FALSE
2549,pp,5781,FALSE
10987,pp,4282,FALSE
4478,pp,9368,FALSE
274,pp,8723,FALSE
26088,pp,9146,FALSE
10987,pp,7295,FALSE
6453,pp,998,FALSE
392,pp,998,FALSE
5499,pp,8027,FALSE
23228,pp,5499,FALSE
6867,pp,9793,FALSE
23513,pp,9414,FALSE
5802,pp,5802,FALSE
5786,pp,5786,FALSE
5789,pp,5789,FALSE
5799,pp,5799,FALSE
23647,pp,382,FALSE
23647,pp,5879,FALSE
23647,pp,23647,FALSE
51429,pp,8867,FALSE
5682,pp,5683,FALSE
5683,pp,5684,FALSE
5683,pp,5687,FALSE
5689,pp,5693,FALSE
5684,pp,5693,FALSE
1759,pp,6456,FALSE
1759,pp,6453,FALSE
1759,pp,2885,FALSE
1785,pp,2885,FALSE
1785,pp,6456,FALSE
1785,pp,6453,FALSE
6311,pp,6457,FALSE
6311,pp,6456,FALSE
6455,pp,6456,FALSE
6456,pp,6457,FALSE
6456,pp,6456,FALSE
6455,pp,6455,FALSE
6457,pp,6457,FALSE
6455,pp,6457,FALSE
26986,pp,6311,FALSE
1933,pp,1937,FALSE
1936,pp,1937,FALSE
10093,pp,81873,FALSE
10574,pp,1937,FALSE
1937,pp,998,FALSE
1915,pp,3336,FALSE
1400,pp,5050,FALSE
1915,pp,5050,FALSE
1400,pp,5717,FALSE
1915,pp,5717,FALSE
1937,pp,5802,FALSE
1915,pp,6176,FALSE
6176,pp,7280,FALSE
7917,pp,9804,FALSE
10382,pp,1937,FALSE
5217,pp,71,FALSE
4354,pp,509,FALSE
10574,pp,1400,FALSE
1915,pp,8655,FALSE
1915,pp,5217,FALSE
1400,pp,1936,FALSE
1937,pp,6613,FALSE
1937,pp,9446,FALSE
1400,pp,3336,FALSE
1937,pp,3735,FALSE
4905,pp,6176,FALSE
2597,pp,5050,FALSE
5050,pp,7280,FALSE
5684,pp,5687,FALSE
1937,pp,5717,FALSE
2597,pp,5717,FALSE
5717,pp,7280,FALSE
293,pp,7431,FALSE
6616,pp,6804,FALSE
1743,pp,7280,FALSE
6456,pp,71,FALSE
1400,pp,217,FALSE
1937,pp,375,FALSE
6176,pp,9551,FALSE
10989,pp,7917,FALSE
10989,pp,22948,FALSE
1936,pp,1936,FALSE
2026,pp,3098,FALSE
2026,pp,7277,FALSE
1400,pp,29924,FALSE
10980,pp,79641,FALSE
2512,pp,2512,FALSE
10542,pp,1915,FALSE
10542,pp,2597,FALSE
10542,pp,28964,FALSE
1400,pp,3187,FALSE
1915,pp,6453,FALSE
23192,pp,81631,FALSE
10989,pp,4715,FALSE
1400,pp,4729,FALSE
10980,pp,5050,FALSE
1400,pp,5216,FALSE
5217,pp,5413,FALSE
2597,pp,5052,FALSE
10980,pp,8575,FALSE
8575,pp,8575,FALSE
10980,pp,5717,FALSE
5802,pp,6613,FALSE
5802,pp,7280,FALSE
6136,pp,7277,FALSE
6613,pp,7431,FALSE
5684,pp,6636,FALSE
10342,pp,1400,FALSE
10342,pp,10342,FALSE
1915,pp,7114,FALSE
10382,pp,7018,FALSE
7336,pp,84966,FALSE
217,pp,84966,FALSE
10574,pp,509,FALSE
4700,pp,9551,FALSE
3039,pp,537,FALSE
613,pp,84966,FALSE
10980,pp,9377,FALSE
1508,pp,7917,FALSE
10540,pp,2775,FALSE
1743,pp,5217,FALSE
10980,pp,2010,FALSE
2010,pp,6456,FALSE
2010,pp,6457,FALSE
2026,pp,311,FALSE
2026,pp,4134,FALSE
1783,pp,2039,FALSE
1743,pp,2314,FALSE
1915,pp,55004,FALSE
2771,pp,7277,FALSE
6457,pp,9568,FALSE
3039,pp,3043,FALSE
3315,pp,84966,FALSE
3315,pp,5464,FALSE
3320,pp,3320,FALSE
1743,pp,4673,FALSE
4715,pp,6457,FALSE
4738,pp,7345,FALSE
10989,pp,25934,FALSE
4905,pp,65991,FALSE
1891,pp,5050,FALSE
5050,pp,6613,FALSE
5050,pp,84966,FALSE
10980,pp,9796,FALSE
1915,pp,9796,FALSE
10397,pp,9796,FALSE
5717,pp,6613,FALSE
5717,pp,84966,FALSE
5217,pp,5802,FALSE
6421,pp,6421,FALSE
10980,pp,6513,FALSE
6804,pp,7431,FALSE
6853,pp,6853,FALSE
6853,pp,7431,FALSE
7114,pp,84966,FALSE
10382,pp,8874,FALSE
1213,pp,51566,FALSE
10989,pp,51566,FALSE
396,pp,6457,FALSE
25978,pp,509,FALSE
1956,pp,509,FALSE
56005,pp,7917,FALSE
25874,pp,6176,FALSE
8655,pp,8655,FALSE
1759,pp,5303,FALSE
10570,pp,6457,FALSE
2026,pp,374291,FALSE
23474,pp,84966,FALSE
2286,pp,7917,FALSE
55262,pp,55262,FALSE
11345,pp,23192,FALSE
3735,pp,5048,FALSE
293,pp,3735,FALSE
3857,pp,6457,FALSE
3897,pp,8682,FALSE
56267,pp,5877,FALSE
4140,pp,527,FALSE
4140,pp,55823,FALSE
4673,pp,4673,FALSE
4700,pp,7917,FALSE
3991,pp,55968,FALSE
5049,pp,7203,FALSE
5049,pp,92609,FALSE
79885,pp,9796,FALSE
4731,pp,9796,FALSE
10419,pp,9796,FALSE
5621,pp,7917,FALSE
10419,pp,29789,FALSE
5861,pp,6624,FALSE
11021,pp,874,FALSE
10542,pp,5877,FALSE
5217,pp,5909,FALSE
1400,pp,57142,FALSE
1743,pp,23256,FALSE
51155,pp,6421,FALSE
1314,pp,8402,FALSE
112476,pp,6616,FALSE
5303,pp,6709,FALSE
10273,pp,4354,FALSE
1639,pp,5223,FALSE
51412,pp,57017,FALSE
1759,pp,92609,FALSE
1785,pp,5479,FALSE
3309,pp,56896,FALSE
23136,pp,84966,FALSE
23474,pp,51606,FALSE
10236,pp,2193,FALSE
4673,pp,79187,FALSE
3039,pp,4673,FALSE
55229,pp,8682,FALSE
5127,pp,7917,FALSE
2632,pp,5226,FALSE
3178,pp,9796,FALSE
9796,pp,9796,FALSE
22924,pp,5861,FALSE
5713,pp,5861,FALSE
11021,pp,3420,FALSE
11021,pp,5802,FALSE
4747,pp,5901,FALSE
23558,pp,55964,FALSE
10382,pp,57662,FALSE
3688,pp,3688,FALSE
2534,pp,2534,FALSE
613,pp,9414,FALSE
1072,pp,60,FALSE
11235,pp,8428,FALSE
23265,pp,9146,FALSE
2947,pp,2947,FALSE
56474,pp,56474,FALSE
26060,pp,55198,FALSE
1073,pp,60,FALSE
3983,pp,7431,FALSE
60491,pp,7431,FALSE
60,pp,60,FALSE
5049,pp,5050,FALSE
1073,pp,71,FALSE
10313,pp,5780,FALSE
10152,pp,7414,FALSE
327,pp,327,FALSE
80318,pp,9146,FALSE
5704,pp,5705,FALSE
3190,pp,3190,FALSE
1072,pp,71,FALSE
71,pp,71,FALSE
60491,pp,60491,FALSE
10458,pp,51517,FALSE
11034,pp,60,FALSE
3735,pp,7965,FALSE
11135,pp,998,FALSE
23265,pp,84816,FALSE
149371,pp,9146,FALSE
2670,pp,7431,FALSE
5372,pp,5870,FALSE
5050,pp,5050,FALSE
84245,pp,84245,FALSE
11345,pp,23786,FALSE
327,pp,79876,FALSE
10313,pp,57142,FALSE
23157,pp,4735,FALSE
29979,pp,29979,FALSE
60,pp,71,FALSE
10982,pp,60491,FALSE
11345,pp,79876,FALSE
5050,pp,91782,FALSE
5682,pp,7431,FALSE
10982,pp,10982,FALSE
57142,pp,8775,FALSE
1398,pp,5706,FALSE
55577,pp,55577,FALSE
140885,pp,23321,FALSE
6652,pp,6652,FALSE
7360,pp,7360,FALSE
11034,pp,71,FALSE
443,pp,443,FALSE
5631,pp,5631,FALSE
10016,pp,10016,FALSE
10982,pp,22924,FALSE
29979,pp,6782,FALSE
27316,pp,3190,FALSE
2752,pp,2752,FALSE
3190,pp,9444,FALSE
29979,pp,9146,FALSE
10313,pp,10313,FALSE
5700,pp,5708,FALSE
5701,pp,5711,FALSE
216,pp,216,FALSE
8027,pp,9146,FALSE
387,pp,392,FALSE
4830,pp,4830,FALSE
3612,pp,3612,FALSE
6717,pp,6717,FALSE
1173,pp,163,FALSE
1956,pp,2885,FALSE
1956,pp,7094,FALSE
1956,pp,53358,FALSE
1956,pp,5921,FALSE
1956,pp,5781,FALSE
1956,pp,5335,FALSE
1956,pp,8650,FALSE
1956,pp,9479,FALSE
1398,pp,1956,FALSE
1956,pp,26060,FALSE
1956,pp,9253,FALSE
5566,pp,7534,FALSE
7163,pp,7163,FALSE
7163,pp,7164,FALSE
7163,pp,7165,FALSE
7164,pp,7164,FALSE
7164,pp,7165,FALSE
7165,pp,7165,FALSE
6093,pp,6093,FALSE
2697,pp,7082,FALSE
1973,pp,1982,FALSE
114569,pp,7163,FALSE
1742,pp,2904,FALSE
1742,pp,2903,FALSE
1742,pp,2902,FALSE
1742,pp,3739,FALSE
5094,pp,9444,FALSE
11047,pp,29979,FALSE
1155,pp,7874,FALSE
3420,pp,6311,FALSE
29979,pp,80318,FALSE
9444,pp,9491,FALSE
6311,pp,87,FALSE
26128,pp,6311,FALSE
6311,pp,7917,FALSE
5093,pp,5094,FALSE
5093,pp,7360,FALSE
3190,pp,5093,FALSE
5093,pp,9444,FALSE
5621,pp,5684,FALSE
5576,pp,9590,FALSE
6285,pp,6285,FALSE
5413,pp,55752,FALSE
23176,pp,5413,FALSE
1956,pp,1956,FALSE
6513,pp,6513,FALSE
2534,pp,5062,FALSE
2885,pp,5062,FALSE
5062,pp,8874,FALSE
10580,pp,5062,FALSE
4905,pp,9568,FALSE
5527,pp,5594,FALSE
5621,pp,5621,FALSE
351,pp,5621,FALSE
1499,pp,2010,FALSE
6622,pp,6622,FALSE
10492,pp,3184,FALSE
3184,pp,3184,FALSE
387,pp,396,FALSE
7334,pp,7336,FALSE
396,pp,5879,FALSE
5160,pp,5162,FALSE
387,pp,6093,FALSE
5868,pp,9135,FALSE
11315,pp,11315,FALSE
5605,pp,5605,FALSE
506,pp,64756,FALSE
9131,pp,9131,FALSE
1739,pp,491,FALSE
491,pp,9351,FALSE
6993,pp,6993,FALSE
6708,pp,6711,FALSE
6708,pp,6710,FALSE
6709,pp,6710,FALSE
6709,pp,6711,FALSE
2932,pp,4137,FALSE
1020,pp,4137,FALSE
1509,pp,3039,FALSE
1509,pp,351,FALSE
10987,pp,7345,FALSE
3984,pp,5062,FALSE
5062,pp,5062,FALSE
6857,pp,785,FALSE
4130,pp,785,FALSE
1457,pp,6711,FALSE
5499,pp,9212,FALSE
4155,pp,5594,FALSE
53616,pp,7529,FALSE
10971,pp,53616,FALSE
2534,pp,9743,FALSE
10484,pp,5129,FALSE
10484,pp,5127,FALSE
10015,pp,6456,FALSE
10015,pp,6455,FALSE
10049,pp,3312,FALSE
5518,pp,5527,FALSE
5515,pp,5518,FALSE
7001,pp,7295,FALSE
5052,pp,7295,FALSE
1499,pp,81,FALSE
26060,pp,26060,FALSE
26060,pp,5868,FALSE
22941,pp,5335,FALSE
5335,pp,85358,FALSE
1398,pp,23114,FALSE
1398,pp,8506,FALSE
1398,pp,1795,FALSE
1398,pp,18,FALSE
10236,pp,1398,FALSE
1398,pp,2316,FALSE
1398,pp,9826,FALSE
1398,pp,1785,FALSE
1398,pp,8724,FALSE
1398,pp,2550,FALSE
1398,pp,58512,FALSE
1398,pp,85358,FALSE
1398,pp,6000,FALSE
1398,pp,23136,FALSE
1398,pp,9229,FALSE
1398,pp,22941,FALSE
1398,pp,9228,FALSE
1795,pp,2534,FALSE
2534,pp,2571,FALSE
2534,pp,9228,FALSE
2534,pp,2550,FALSE
10236,pp,2534,FALSE
2534,pp,58512,FALSE
2534,pp,85358,FALSE
2534,pp,9826,FALSE
2534,pp,8506,FALSE
2534,pp,57142,FALSE
2534,pp,9054,FALSE
23114,pp,2534,FALSE
2316,pp,2534,FALSE
2534,pp,9229,FALSE
23136,pp,2534,FALSE
2534,pp,4659,FALSE
2534,pp,51517,FALSE
2534,pp,9793,FALSE
2534,pp,8724,FALSE
2534,pp,26052,FALSE
1605,pp,2534,FALSE
2885,pp,85358,FALSE
2550,pp,2885,FALSE
2885,pp,9229,FALSE
10236,pp,2885,FALSE
2885,pp,9228,FALSE
1795,pp,2885,FALSE
2885,pp,58512,FALSE
2885,pp,4638,FALSE
22941,pp,2885,FALSE
2885,pp,3151,FALSE
2885,pp,8646,FALSE
2316,pp,2885,FALSE
2885,pp,8506,FALSE
1605,pp,2885,FALSE
2885,pp,9826,FALSE
2571,pp,2885,FALSE
2885,pp,5530,FALSE
287,pp,2885,FALSE
2885,pp,8724,FALSE
2885,pp,9793,FALSE
23114,pp,2885,FALSE
2885,pp,5532,FALSE
2885,pp,7360,FALSE
2885,pp,9054,FALSE
26275,pp,2885,FALSE
2885,pp,5799,FALSE
1742,pp,2885,FALSE
2885,pp,8570,FALSE
274,pp,2885,FALSE
5335,pp,9826,FALSE
5335,pp,6000,FALSE
5335,pp,9793,FALSE
2316,pp,5335,FALSE
4134,pp,5335,FALSE
5335,pp,9229,FALSE
5335,pp,58512,FALSE
6396,pp,6396,FALSE
1072,pp,3984,FALSE
1639,pp,4137,FALSE
1737,pp,5162,FALSE
8454,pp,9040,FALSE
5692,pp,5693,FALSE
2664,pp,2794,FALSE
2794,pp,7803,FALSE
9479,pp,9479,FALSE
10963,pp,817,FALSE
10135,pp,2512,FALSE
10135,pp,4535,FALSE
2017,pp,5058,FALSE
2017,pp,5062,FALSE
55968,pp,7415,FALSE
10273,pp,4137,FALSE
10273,pp,3312,FALSE
10273,pp,3320,FALSE
1759,pp,274,FALSE
3181,pp,3181,FALSE
351,pp,351,FALSE
3476,pp,5515,FALSE
3476,pp,5516,FALSE
3476,pp,5537,FALSE
7415,pp,80700,FALSE
10211,pp,351,FALSE
2931,pp,4137,FALSE
351,pp,4137,FALSE
4137,pp,4137,FALSE
1509,pp,5594,FALSE
2597,pp,5594,FALSE
2286,pp,5911,FALSE
1915,pp,5911,FALSE
5265,pp,5911,FALSE
2512,pp,5911,FALSE
10987,pp,5605,FALSE
10987,pp,9097,FALSE
2023,pp,2885,FALSE
2885,pp,7018,FALSE
2885,pp,51596,FALSE
1191,pp,2885,FALSE
2271,pp,2885,FALSE
2512,pp,2885,FALSE
2098,pp,2885,FALSE
10342,pp,2885,FALSE
2885,pp,7249,FALSE
2885,pp,9948,FALSE
3956,pp,998,FALSE
2286,pp,5595,FALSE
5213,pp,5595,FALSE
3337,pp,4893,FALSE
1915,pp,4893,FALSE
4893,pp,6224,FALSE
4893,pp,6717,FALSE
10617,pp,128866,FALSE
4830,pp,58497,FALSE
11171,pp,4830,FALSE
7323,pp,93664,FALSE
7334,pp,93664,FALSE
50488,pp,5911,FALSE
2549,pp,5780,FALSE
1973,pp,7458,FALSE
6786,pp,6786,FALSE
1499,pp,2932,FALSE
55611,pp,7323,FALSE
6640,pp,7336,FALSE
7336,pp,9097,FALSE
5050,pp,63893,FALSE
6136,pp,63893,FALSE
6224,pp,63893,FALSE
11345,pp,63893,FALSE
196403,pp,7323,FALSE
7323,pp,7706,FALSE
23321,pp,7323,FALSE
7334,pp,7706,FALSE
196403,pp,7335,FALSE
10617,pp,8027,FALSE
1785,pp,2017,FALSE
4830,pp,60491,FALSE
51466,pp,6709,FALSE
51466,pp,6708,FALSE
6708,pp,7408,FALSE
55740,pp,6708,FALSE
2534,pp,4137,FALSE
5058,pp,8874,FALSE
30011,pp,7316,FALSE
3984,pp,5566,FALSE
4137,pp,7534,FALSE
22919,pp,667,FALSE
351,pp,847,FALSE
5581,pp,7534,FALSE
408,pp,5602,FALSE
408,pp,6416,FALSE
4738,pp,7316,FALSE
7915,pp,7915,FALSE
7316,pp,7316,FALSE
7316,pp,8078,FALSE
10617,pp,7316,FALSE
29979,pp,7316,FALSE
1457,pp,3800,FALSE
1457,pp,1459,FALSE
1459,pp,3800,FALSE
388,pp,4831,FALSE
26227,pp,388,FALSE
388,pp,396,FALSE
1854,pp,388,FALSE
388,pp,4130,FALSE
8454,pp,997,FALSE
1445,pp,1445,FALSE
2597,pp,5230,FALSE
2597,pp,2597,FALSE
2273,pp,5621,FALSE
1267,pp,5621,FALSE
1399,pp,59338,FALSE
163,pp,6453,FALSE
10273,pp,3326,FALSE
10006,pp,2534,FALSE
10006,pp,5921,FALSE
10006,pp,5335,FALSE
10006,pp,2885,FALSE
10006,pp,1399,FALSE
10006,pp,1398,FALSE
382,pp,9043,FALSE
375,pp,9043,FALSE
3837,pp,3837,FALSE
7415,pp,7415,FALSE
5062,pp,5879,FALSE
10458,pp,7534,FALSE
7531,pp,9610,FALSE
1956,pp,6772,FALSE
6772,pp,6772,FALSE
23513,pp,5595,FALSE
23513,pp,5594,FALSE
2273,pp,5516,FALSE
1759,pp,1759,FALSE
10419,pp,8294,FALSE
10243,pp,8655,FALSE
4684,pp,4684,FALSE
348,pp,6767,FALSE
11140,pp,348,FALSE
11140,pp,7001,FALSE
10724,pp,11140,FALSE
11140,pp,3337,FALSE
1020,pp,11140,FALSE
11140,pp,351,FALSE
396,pp,998,FALSE
10458,pp,998,FALSE
9826,pp,998,FALSE
408,pp,998,FALSE
23580,pp,998,FALSE
114793,pp,998,FALSE
5058,pp,998,FALSE
5062,pp,998,FALSE
9743,pp,998,FALSE
5910,pp,998,FALSE
9349,pp,998,FALSE
6767,pp,998,FALSE
7316,pp,998,FALSE
2752,pp,4540,FALSE
10540,pp,2885,FALSE
25758,pp,2885,FALSE
2549,pp,2885,FALSE
2885,pp,3190,FALSE
2885,pp,3309,FALSE
2885,pp,4130,FALSE
2885,pp,4627,FALSE
2885,pp,399687,FALSE
2885,pp,4691,FALSE
10015,pp,2885,FALSE
25930,pp,2885,FALSE
2885,pp,9743,FALSE
2885,pp,6506,FALSE
2885,pp,6711,FALSE
10617,pp,2885,FALSE
282974,pp,2885,FALSE
2885,pp,7316,FALSE
2885,pp,54521,FALSE
147179,pp,2885,FALSE
136319,pp,5594,FALSE
29993,pp,8522,FALSE
29993,pp,6711,FALSE
29993,pp,7171,FALSE
5058,pp,9149,FALSE
3320,pp,5058,FALSE
5058,pp,5058,FALSE
5058,pp,7532,FALSE
5058,pp,7534,FALSE
5062,pp,667,FALSE
23236,pp,6711,FALSE
1213,pp,5566,FALSE
3840,pp,5879,FALSE
4627,pp,5879,FALSE
5879,pp,5910,FALSE
5879,pp,6421,FALSE
5879,pp,7316,FALSE
3799,pp,9693,FALSE
6772,pp,81,FALSE
1639,pp,6772,FALSE
2670,pp,6772,FALSE
3326,pp,6772,FALSE
50944,pp,6772,FALSE
6709,pp,6772,FALSE
6711,pp,6772,FALSE
146691,pp,54472,FALSE
10486,pp,7531,FALSE
4513,pp,7531,FALSE
7529,pp,7531,FALSE
7531,pp,7532,FALSE
7531,pp,7533,FALSE
10971,pp,7531,FALSE
23108,pp,7531,FALSE
7531,pp,7531,FALSE
10987,pp,7532,FALSE
2037,pp,7532,FALSE
23136,pp,7532,FALSE
11346,pp,7532,FALSE
2170,pp,3688,FALSE
3312,pp,60,FALSE
5216,pp,60,FALSE
60,pp,6119,FALSE
10627,pp,4638,FALSE
10728,pp,3320,FALSE
5684,pp,5684,FALSE
3417,pp,3417,FALSE
11047,pp,51377,FALSE
1072,pp,1073,FALSE
1808,pp,1808,FALSE
22924,pp,5682,FALSE
4691,pp,4691,FALSE
216,pp,217,FALSE
128,pp,5052,FALSE
162,pp,4915,FALSE
2773,pp,479,FALSE
351,pp,7165,FALSE
479,pp,5479,FALSE
479,pp,4852,FALSE
535,pp,8723,FALSE
1845,pp,8573,FALSE
2617,pp,5599,FALSE
2783,pp,5162,FALSE
2885,pp,5445,FALSE
2885,pp,7317,FALSE
2982,pp,5599,FALSE
3295,pp,5599,FALSE
3315,pp,5494,FALSE
3688,pp,5162,FALSE
427,pp,57118,FALSE
4627,pp,5515,FALSE
4684,pp,6009,FALSE
4831,pp,5868,FALSE
5578,pp,5692,FALSE
5599,pp,6181,FALSE
6921,pp,8452,FALSE
7001,pp,7534,FALSE
7415,pp,7534,FALSE
22908,pp,5578,FALSE
23191,pp,2782,FALSE
23193,pp,5599,FALSE
23193,pp,5906,FALSE
25932,pp,3326,FALSE
5567,pp,55738,FALSE
57118,pp,8452,FALSE
10617,pp,84284,FALSE
10987,pp,55738,FALSE
26060,pp,56896,FALSE
55157,pp,56896,FALSE
128,pp,128,FALSE
226,pp,226,FALSE
847,pp,847,FALSE
87,pp,9253,FALSE
387,pp,9826,FALSE
509,pp,5265,FALSE
1173,pp,6169,FALSE
1191,pp,9349,FALSE
1191,pp,7917,FALSE
1374,pp,3309,FALSE
1459,pp,5034,FALSE
1459,pp,3006,FALSE
1737,pp,8050,FALSE
1891,pp,1936,FALSE
2521,pp,4190,FALSE
2521,pp,8148,FALSE
2773,pp,5905,FALSE
2770,pp,5905,FALSE
2885,pp,7431,FALSE
2937,pp,2937,FALSE
3033,pp,6772,FALSE
3313,pp,7514,FALSE
348,pp,55738,FALSE
3939,pp,3939,FALSE
3939,pp,3945,FALSE
4054,pp,5879,FALSE
4513,pp,5682,FALSE
4830,pp,4831,FALSE
4852,pp,7917,FALSE
5058,pp,8655,FALSE
5447,pp,6772,FALSE
5682,pp,5684,FALSE
5682,pp,5825,FALSE
5684,pp,9253,FALSE
5684,pp,9212,FALSE
5869,pp,7905,FALSE
6648,pp,6648,FALSE
6782,pp,7917,FALSE
6993,pp,7295,FALSE
7430,pp,7430,FALSE
7531,pp,7534,FALSE
9588,pp,9588,FALSE
9961,pp,9961,FALSE
10061,pp,3030,FALSE
10247,pp,4513,FALSE
10454,pp,5516,FALSE
10454,pp,5518,FALSE
10728,pp,3326,FALSE
10987,pp,7001,FALSE
1399,pp,85358,FALSE
1459,pp,23170,FALSE
23530,pp,9961,FALSE
23647,pp,6642,FALSE
2521,pp,27316,FALSE
29979,pp,4852,FALSE
55738,pp,7905,FALSE
55740,pp,5594,FALSE
5594,pp,85358,FALSE
10243,pp,10243,FALSE
10454,pp,11151,FALSE
10458,pp,57142,FALSE
10935,pp,10935,FALSE
10987,pp,85358,FALSE
4831,pp,4831,FALSE
10243,pp,37,FALSE
5682,pp,87,FALSE
6232,pp,81,FALSE
6232,pp,87,FALSE
7295,pp,81,FALSE
8050,pp,87,FALSE
1739,pp,5605,FALSE
2770,pp,54331,FALSE
64077,pp,64077,FALSE
6723,pp,6723,FALSE
10972,pp,10972,FALSE
257194,pp,257194,FALSE
5818,pp,5818,FALSE
1956,pp,2934,FALSE
1956,pp,3326,FALSE
1956,pp,2597,FALSE
10092,pp,1956,FALSE
1956,pp,7295,FALSE
10971,pp,1956,FALSE
1956,pp,7336,FALSE
1778,pp,1956,FALSE
1956,pp,5052,FALSE
1956,pp,9590,FALSE
1956,pp,2288,FALSE
1956,pp,6900,FALSE
11345,pp,1956,FALSE
1956,pp,7167,FALSE
1956,pp,4190,FALSE
1956,pp,3308,FALSE
10963,pp,1956,FALSE
1956,pp,471,FALSE
1937,pp,1956,FALSE
1072,pp,1956,FALSE
1956,pp,5864,FALSE
1956,pp,2805,FALSE
1956,pp,7184,FALSE
1956,pp,7389,FALSE
1956,pp,226,FALSE
10273,pp,1956,FALSE
1956,pp,9218,FALSE
10439,pp,1956,FALSE
1173,pp,1956,FALSE
1956,pp,8404,FALSE
1956,pp,51286,FALSE
1956,pp,6853,FALSE
11047,pp,1956,FALSE
1956,pp,23770,FALSE
10540,pp,1956,FALSE
1956,pp,2824,FALSE
1956,pp,79026,FALSE
1956,pp,382,FALSE
1956,pp,5730,FALSE
1956,pp,873,FALSE
1465,pp,1956,FALSE
1956,pp,7345,FALSE
1956,pp,5303,FALSE
1956,pp,3320,FALSE
1956,pp,6616,FALSE
1956,pp,5910,FALSE
1956,pp,3313,FALSE
815,pp,815,FALSE
10059,pp,10059,FALSE
8237,pp,8237,FALSE
2932,pp,2932,FALSE
5499,pp,5595,FALSE
5499,pp,5594,FALSE
1845,pp,5595,FALSE
5515,pp,5595,FALSE
5515,pp,5594,FALSE
1845,pp,5594,FALSE
439,pp,439,FALSE
4905,pp,5780,FALSE
5160,pp,54704,FALSE
310,pp,60,FALSE
310,pp,51412,FALSE
310,pp,506,FALSE
310,pp,523,FALSE
310,pp,7917,FALSE
10574,pp,310,FALSE
10980,pp,310,FALSE
221184,pp,310,FALSE
1400,pp,310,FALSE
1508,pp,310,FALSE
23564,pp,310,FALSE
1915,pp,310,FALSE
2597,pp,310,FALSE
2783,pp,310,FALSE
10681,pp,310,FALSE
3032,pp,310,FALSE
310,pp,55611,FALSE
310,pp,5162,FALSE
310,pp,5315,FALSE
310,pp,6187,FALSE
26230,pp,310,FALSE
310,pp,7114,FALSE
310,pp,7846,FALSE
310,pp,347733,FALSE
10381,pp,310,FALSE
310,pp,7431,FALSE
1397,pp,481,FALSE
23564,pp,481,FALSE
11140,pp,54862,FALSE
1113,pp,11140,FALSE
11140,pp,1428,FALSE
11140,pp,1639,FALSE
11140,pp,2475,FALSE
10989,pp,11140,FALSE
54918,pp,6613,FALSE
10574,pp,1785,FALSE
1759,pp,1785,FALSE
1785,pp,6187,FALSE
1785,pp,26230,FALSE
1400,pp,1808,FALSE
10570,pp,1808,FALSE
2273,pp,9590,FALSE
1627,pp,2273,FALSE
11345,pp,5786,FALSE
11345,pp,6187,FALSE
11345,pp,7534,FALSE
2597,pp,2806,FALSE
2597,pp,3735,FALSE
2597,pp,26578,FALSE
2597,pp,7531,FALSE
2745,pp,2806,FALSE
2885,pp,998,FALSE
2885,pp,28964,FALSE
23205,pp,2932,FALSE
2932,pp,51412,FALSE
11033,pp,2932,FALSE
2932,pp,80150,FALSE
2932,pp,738,FALSE
11258,pp,2932,FALSE
1915,pp,2932,FALSE
1937,pp,2932,FALSE
2475,pp,2932,FALSE
2597,pp,2932,FALSE
2783,pp,2932,FALSE
2932,pp,84966,FALSE
2932,pp,8570,FALSE
2932,pp,57662,FALSE
2932,pp,3799,FALSE
2932,pp,4134,FALSE
10724,pp,2932,FALSE
2932,pp,4354,FALSE
2932,pp,29959,FALSE
2932,pp,55968,FALSE
2932,pp,6176,FALSE
2932,pp,6187,FALSE
2932,pp,7846,FALSE
2932,pp,80700,FALSE
2932,pp,51569,FALSE
2932,pp,7431,FALSE
2932,pp,7511,FALSE
10989,pp,213,FALSE
10989,pp,1915,FALSE
3628,pp,8655,FALSE
60,pp,7965,FALSE
64837,pp,7965,FALSE
5518,pp,7965,FALSE
118,pp,81631,FALSE
55738,pp,81631,FALSE
1211,pp,81631,FALSE
1627,pp,81631,FALSE
5909,pp,81631,FALSE
6176,pp,81631,FALSE
81631,pp,9043,FALSE
10454,pp,80150,FALSE
10454,pp,1072,FALSE
10454,pp,1152,FALSE
10454,pp,1627,FALSE
10454,pp,2058,FALSE
10454,pp,28964,FALSE
10236,pp,10454,FALSE
10454,pp,51056,FALSE
10454,pp,51451,FALSE
10015,pp,10454,FALSE
10454,pp,5510,FALSE
10454,pp,5573,FALSE
10454,pp,114971,FALSE
10454,pp,6176,FALSE
3181,pp,5871,FALSE
5595,pp,8682,FALSE
3312,pp,5599,FALSE
5315,pp,55577,FALSE
1397,pp,5833,FALSE
127281,pp,5170,FALSE
28964,pp,5170,FALSE
5170,pp,8682,FALSE
5170,pp,6305,FALSE
506,pp,5300,FALSE
23564,pp,5300,FALSE
5300,pp,5315,FALSE
5300,pp,7249,FALSE
5516,pp,6176,FALSE
51109,pp,51109,FALSE
57142,pp,6232,FALSE
396,pp,6391,FALSE
2475,pp,4735,FALSE
3925,pp,4735,FALSE
23176,pp,6455,FALSE
23176,pp,6457,FALSE
10570,pp,6455,FALSE
6455,pp,7534,FALSE
10570,pp,6456,FALSE
2947,pp,6456,FALSE
6453,pp,6456,FALSE
129285,pp,6456,FALSE
30011,pp,6456,FALSE
26230,pp,6456,FALSE
53358,pp,6457,FALSE
1915,pp,6622,FALSE
2597,pp,6622,FALSE
1627,pp,7178,FALSE
6176,pp,7178,FALSE
11344,pp,396,FALSE
1627,pp,7323,FALSE
23285,pp,7323,FALSE
6176,pp,7323,FALSE
7323,pp,7846,FALSE
7323,pp,7511,FALSE
6642,pp,7353,FALSE
26230,pp,7353,FALSE
396,pp,51569,FALSE
7389,pp,7431,FALSE
1400,pp,7415,FALSE
3735,pp,7431,FALSE
6455,pp,7431,FALSE
989,pp,989,FALSE
5515,pp,5527,FALSE
5567,pp,5573,FALSE
3064,pp,6622,FALSE
3064,pp,3064,FALSE
2904,pp,815,FALSE
5265,pp,5265,FALSE
1457,pp,3326,FALSE
1457,pp,490,FALSE
1457,pp,498,FALSE
1457,pp,4691,FALSE
1457,pp,821,FALSE
1457,pp,27044,FALSE
1457,pp,3181,FALSE
1457,pp,1933,FALSE
1457,pp,23122,FALSE
1457,pp,3320,FALSE
1457,pp,813,FALSE
1457,pp,9049,FALSE
1457,pp,5567,FALSE
1457,pp,1936,FALSE
1457,pp,3069,FALSE
1457,pp,1654,FALSE
1457,pp,3840,FALSE
11333,pp,1457,FALSE
1457,pp,4735,FALSE
1457,pp,51566,FALSE
1457,pp,6176,FALSE
1457,pp,6188,FALSE
1457,pp,6421,FALSE
10130,pp,1457,FALSE
1457,pp,54521,FALSE
1457,pp,4172,FALSE
1457,pp,64423,FALSE
1457,pp,27316,FALSE
1457,pp,5684,FALSE
51100,pp,51100,FALSE
10133,pp,667,FALSE
26060,pp,667,FALSE
10006,pp,667,FALSE
10006,pp,3895,FALSE
10006,pp,3190,FALSE
10006,pp,10580,FALSE
10006,pp,7094,FALSE
1213,pp,48,FALSE
178,pp,26060,FALSE
26060,pp,274,FALSE
1785,pp,26060,FALSE
26060,pp,3315,FALSE
23111,pp,26060,FALSE
10049,pp,23066,FALSE
10049,pp,8079,FALSE
10049,pp,5236,FALSE
2023,pp,226,FALSE
2023,pp,2273,FALSE
2023,pp,3326,FALSE
2023,pp,3688,FALSE
2023,pp,3312,FALSE
2023,pp,5034,FALSE
2023,pp,5529,FALSE
2023,pp,7534,FALSE
5962,pp,7430,FALSE
7430,pp,9351,FALSE
7430,pp,9368,FALSE
10449,pp,10542,FALSE
10542,pp,1646,FALSE
10542,pp,3313,FALSE
10542,pp,3688,FALSE
10542,pp,6421,FALSE
10133,pp,1213,FALSE
10133,pp,10133,FALSE
10133,pp,7316,FALSE
10133,pp,7415,FALSE
23122,pp,5837,FALSE
1785,pp,5837,FALSE
2631,pp,5837,FALSE
3476,pp,5837,FALSE
51100,pp,5876,FALSE
51100,pp,56904,FALSE
51100,pp,8887,FALSE
2923,pp,6786,FALSE
1742,pp,9229,FALSE
128866,pp,25930,FALSE
10016,pp,25930,FALSE
25930,pp,6456,FALSE
3098,pp,7416,FALSE
1639,pp,5499,FALSE
1272,pp,5499,FALSE
1213,pp,5499,FALSE
1152,pp,5499,FALSE
1267,pp,5499,FALSE
5499,pp,9859,FALSE
1398,pp,5499,FALSE
26092,pp,5499,FALSE
286262,pp,5499,FALSE
114569,pp,5499,FALSE
4915,pp,4915,FALSE
7536,pp,7536,FALSE
3190,pp,7536,FALSE
3187,pp,7536,FALSE
3188,pp,7536,FALSE
3178,pp,51645,FALSE
3315,pp,3315,FALSE
5093,pp,53938,FALSE
10492,pp,3190,FALSE
3184,pp,3190,FALSE
26986,pp,3190,FALSE
10419,pp,10419,FALSE
3188,pp,3188,FALSE
3188,pp,9444,FALSE
5094,pp,5094,FALSE
9444,pp,9444,FALSE
10529,pp,7791,FALSE
5478,pp,7791,FALSE
7791,pp,87,FALSE
87,pp,87,FALSE
5479,pp,7791,FALSE
2885,pp,2885,FALSE
6386,pp,6386,FALSE
2744,pp,2744,FALSE
5518,pp,5529,FALSE
5529,pp,5529,FALSE
5499,pp,5529,FALSE
10015,pp,2534,FALSE
10419,pp,23380,FALSE
54585,pp,54585,FALSE
10458,pp,8936,FALSE
3984,pp,5058,FALSE
8659,pp,8659,FALSE
10458,pp,10458,FALSE
4684,pp,7345,FALSE
10458,pp,5879,FALSE
2316,pp,2316,FALSE
3326,pp,9212,FALSE
3326,pp,815,FALSE
3326,pp,816,FALSE
10645,pp,3326,FALSE
3326,pp,817,FALSE
3326,pp,814,FALSE
3326,pp,79012,FALSE
3326,pp,818,FALSE
3326,pp,5129,FALSE
3326,pp,9149,FALSE
2043,pp,3326,FALSE
3326,pp,3984,FALSE
3326,pp,50488,FALSE
3326,pp,5871,FALSE
3326,pp,5578,FALSE
3326,pp,5581,FALSE
3326,pp,5582,FALSE
2185,pp,3326,FALSE
282974,pp,3326,FALSE
2534,pp,3326,FALSE
3326,pp,84254,FALSE
2051,pp,3326,FALSE
2931,pp,3326,FALSE
3326,pp,5609,FALSE
3326,pp,4915,FALSE
3326,pp,5567,FALSE
3326,pp,5562,FALSE
3326,pp,5579,FALSE
11140,pp,3326,FALSE
3326,pp,8453,FALSE
3326,pp,8454,FALSE
3326,pp,8452,FALSE
3326,pp,54938,FALSE
3326,pp,3326,FALSE
3326,pp,386617,FALSE
3326,pp,3959,FALSE
3326,pp,6000,FALSE
23321,pp,3326,FALSE
3326,pp,57617,FALSE
11140,pp,8452,FALSE
2932,pp,6421,FALSE
2512,pp,3064,FALSE
26578,pp,3064,FALSE
3064,pp,6867,FALSE
3064,pp,51466,FALSE
3064,pp,5064,FALSE
23111,pp,3064,FALSE
3295,pp,3295,FALSE
6642,pp,6642,FALSE
1410,pp,1410,FALSE
1410,pp,3315,FALSE
2776,pp,408,FALSE
2778,pp,408,FALSE
5594,pp,5604,FALSE
1457,pp,6622,FALSE
3094,pp,3094,FALSE
3688,pp,7094,FALSE
1499,pp,2534,FALSE
351,pp,6622,FALSE
1399,pp,2549,FALSE
71,pp,7408,FALSE
5599,pp,5609,FALSE
2475,pp,6772,FALSE
5599,pp,998,FALSE
1398,pp,5599,FALSE
387,pp,5599,FALSE
2932,pp,5579,FALSE
2771,pp,3326,FALSE
1499,pp,27101,FALSE
2316,pp,818,FALSE
351,pp,811,FALSE
351,pp,4747,FALSE
2017,pp,4638,FALSE
1453,pp,6622,FALSE
351,pp,8650,FALSE
2316,pp,3326,FALSE
3927,pp,9414,FALSE
3927,pp,7791,FALSE
3927,pp,5530,FALSE
10419,pp,813,FALSE
10498,pp,9444,FALSE
10419,pp,7534,FALSE
5494,pp,5594,FALSE
1399,pp,1956,FALSE
5594,pp,5595,FALSE
1399,pp,5781,FALSE
1399,pp,5594,FALSE
1956,pp,3315,FALSE
5595,pp,5781,FALSE
25830,pp,5300,FALSE
25830,pp,25830,FALSE
2280,pp,6262,FALSE
10075,pp,3315,FALSE
2665,pp,3315,FALSE
3315,pp,56850,FALSE
120,pp,3315,FALSE
3315,pp,3476,FALSE
2037,pp,3315,FALSE
10627,pp,3315,FALSE
3069,pp,3315,FALSE
1982,pp,3315,FALSE
3315,pp,7533,FALSE
3315,pp,7534,FALSE
10971,pp,3315,FALSE
3315,pp,5700,FALSE
3309,pp,3315,FALSE
3315,pp,3326,FALSE
3315,pp,7431,FALSE
2288,pp,3315,FALSE
3315,pp,53918,FALSE
3315,pp,9446,FALSE
3315,pp,9868,FALSE
3315,pp,87,FALSE
3315,pp,81,FALSE
3315,pp,9414,FALSE
3315,pp,5786,FALSE
3315,pp,7381,FALSE
2036,pp,3315,FALSE
3315,pp,4673,FALSE
3315,pp,5687,FALSE
3315,pp,6636,FALSE
10273,pp,3315,FALSE
10728,pp,3315,FALSE
1974,pp,3315,FALSE
3315,pp,7514,FALSE
3315,pp,7178,FALSE
1983,pp,3315,FALSE
3315,pp,3320,FALSE
3315,pp,5684,FALSE
3315,pp,811,FALSE
3315,pp,7529,FALSE
286,pp,3315,FALSE
3315,pp,7353,FALSE
2617,pp,3315,FALSE
3188,pp,3315,FALSE
3315,pp,87178,FALSE
3315,pp,4638,FALSE
3315,pp,9352,FALSE
3315,pp,51517,FALSE
163,pp,3315,FALSE
23136,pp,3315,FALSE
3315,pp,8775,FALSE
10938,pp,3315,FALSE
3315,pp,7798,FALSE
3315,pp,55699,FALSE
3315,pp,84457,FALSE
3315,pp,3831,FALSE
3315,pp,6711,FALSE
3315,pp,6396,FALSE
3315,pp,6305,FALSE
3181,pp,3315,FALSE
116988,pp,3315,FALSE
3315,pp,7531,FALSE
3315,pp,8536,FALSE
3315,pp,8874,FALSE
3308,pp,3315,FALSE
3315,pp,5898,FALSE
10133,pp,3315,FALSE
2521,pp,5339,FALSE
2011,pp,4137,FALSE
5906,pp,7534,FALSE
6622,pp,6853,FALSE
10376,pp,10381,FALSE
7531,pp,9588,FALSE
5479,pp,7184,FALSE
5479,pp,9601,FALSE
4137,pp,5034,FALSE
26986,pp,2935,FALSE
64601,pp,65082,FALSE
57617,pp,64601,FALSE
55823,pp,57617,FALSE
64601,pp,64601,FALSE
55823,pp,64601,FALSE
51062,pp,51062,FALSE
23380,pp,3064,FALSE
3064,pp,63908,FALSE
3064,pp,8239,FALSE
10540,pp,3064,FALSE
3064,pp,8453,FALSE
29072,pp,3064,FALSE
3064,pp,3329,FALSE
3064,pp,5315,FALSE
10580,pp,3064,FALSE
1759,pp,3064,FALSE
3064,pp,9901,FALSE
1499,pp,3064,FALSE
3064,pp,7529,FALSE
29993,pp,3064,FALSE
128866,pp,3064,FALSE
1785,pp,3064,FALSE
23332,pp,3064,FALSE
2597,pp,3064,FALSE
120,pp,3064,FALSE
10458,pp,3064,FALSE
161,pp,3064,FALSE
3064,pp,7430,FALSE
1778,pp,3064,FALSE
3064,pp,8065,FALSE
1956,pp,54187,FALSE
1956,pp,5516,FALSE
4893,pp,7464,FALSE
4893,pp,5516,FALSE
4893,pp,5921,FALSE
7431,pp,7529,FALSE
5245,pp,54828,FALSE
57524,pp,8573,FALSE
11140,pp,1956,FALSE
1956,pp,23386,FALSE
10273,pp,8079,FALSE
5704,pp,8079,FALSE
11047,pp,5704,FALSE
5704,pp,5708,FALSE
3320,pp,5567,FALSE
11140,pp,5567,FALSE
10910,pp,3326,FALSE
5708,pp,8943,FALSE
3320,pp,8943,FALSE
27101,pp,8943,FALSE
10681,pp,8079,FALSE
10681,pp,3326,FALSE
10681,pp,10726,FALSE
10681,pp,5202,FALSE
10681,pp,5708,FALSE
10681,pp,10963,FALSE
11140,pp,5170,FALSE
5709,pp,8079,FALSE
5708,pp,5709,FALSE
10724,pp,23386,FALSE
10049,pp,5708,FALSE
10382,pp,8079,FALSE
10382,pp,5708,FALSE
3320,pp,3326,FALSE
10728,pp,9601,FALSE
2781,pp,8079,FALSE
23386,pp,2781,FALSE
2781,pp,5708,FALSE
10963,pp,2781,FALSE
27101,pp,2781,FALSE
7385,pp,8079,FALSE
3300,pp,8079,FALSE
3300,pp,5708,FALSE
2769,pp,8079,FALSE
2769,pp,5708,FALSE
27101,pp,2769,FALSE
1384,pp,8079,FALSE
1384,pp,23386,FALSE
1384,pp,27101,FALSE
1374,pp,27101,FALSE
3306,pp,5708,FALSE
10808,pp,3306,FALSE
3306,pp,7265,FALSE
2782,pp,8079,FALSE
2782,pp,5708,FALSE
23386,pp,2782,FALSE
10963,pp,2782,FALSE
2288,pp,3326,FALSE
11140,pp,2288,FALSE
10910,pp,2288,FALSE
2288,pp,23386,FALSE
11140,pp,5562,FALSE
5708,pp,8079,FALSE
10963,pp,5708,FALSE
23770,pp,3326,FALSE
23386,pp,23770,FALSE
23770,pp,5708,FALSE
11140,pp,3320,FALSE
7260,pp,8079,FALSE
3326,pp,7260,FALSE
10726,pp,7260,FALSE
23386,pp,7260,FALSE
5708,pp,7260,FALSE
10273,pp,7260,FALSE
2783,pp,8079,FALSE
2783,pp,3326,FALSE
10726,pp,2783,FALSE
2783,pp,5202,FALSE
23386,pp,2783,FALSE
2783,pp,5708,FALSE
10963,pp,2783,FALSE
55466,pp,813,FALSE
8079,pp,813,FALSE
23191,pp,5708,FALSE
23191,pp,8079,FALSE
140690,pp,3326,FALSE
10726,pp,140690,FALSE
140690,pp,23386,FALSE
10910,pp,140690,FALSE
10963,pp,140690,FALSE
10273,pp,140690,FALSE
55466,pp,55466,FALSE
11140,pp,9212,FALSE
10910,pp,55631,FALSE
5202,pp,5202,FALSE
10273,pp,5708,FALSE
26052,pp,8079,FALSE
23386,pp,26052,FALSE
26052,pp,5708,FALSE
10273,pp,26052,FALSE
26052,pp,27101,FALSE
26052,pp,7265,FALSE
10000,pp,3326,FALSE
10000,pp,3320,FALSE
10000,pp,11140,FALSE
2193,pp,8079,FALSE
2193,pp,5708,FALSE
11188,pp,23386,FALSE
11140,pp,2534,FALSE
10726,pp,1762,FALSE
11140,pp,80349,FALSE
10910,pp,8036,FALSE
1398,pp,2549,FALSE
2549,pp,5921,FALSE
2549,pp,5335,FALSE
2549,pp,53358,FALSE
6804,pp,9342,FALSE
10439,pp,9342,FALSE
3320,pp,4035,FALSE
7316,pp,7323,FALSE
5315,pp,5595,FALSE
5578,pp,5578,FALSE
3326,pp,4137,FALSE
214,pp,3958,FALSE
214,pp,3956,FALSE
57488,pp,57488,FALSE
6710,pp,6772,FALSE
1445,pp,5170,FALSE
1398,pp,51493,FALSE
26060,pp,51493,FALSE
22924,pp,55198,FALSE
2885,pp,50855,FALSE
1398,pp,55748,FALSE
1627,pp,2885,FALSE
1398,pp,3927,FALSE
1398,pp,55697,FALSE
1398,pp,5049,FALSE
2885,pp,7415,FALSE
1398,pp,5566,FALSE
1398,pp,54443,FALSE
1398,pp,23157,FALSE
1398,pp,5700,FALSE
1398,pp,2098,FALSE
2597,pp,5550,FALSE
6622,pp,7533,FALSE
1728,pp,1728,FALSE
10015,pp,1956,FALSE
1956,pp,4035,FALSE
1956,pp,4137,FALSE
1956,pp,7529,FALSE
1956,pp,8874,FALSE
1956,pp,7846,FALSE
1956,pp,351,FALSE
1956,pp,408,FALSE
1956,pp,2549,FALSE
10458,pp,1956,FALSE
1956,pp,5599,FALSE
1956,pp,3312,FALSE
1956,pp,6456,FALSE
1956,pp,5058,FALSE
10454,pp,1956,FALSE
1956,pp,5581,FALSE
1956,pp,6622,FALSE
1956,pp,51429,FALSE
1956,pp,6457,FALSE
1500,pp,1956,FALSE
1956,pp,2017,FALSE
1956,pp,81,FALSE
1956,pp,7430,FALSE
1956,pp,4915,FALSE
1956,pp,5578,FALSE
1445,pp,1956,FALSE
2550,pp,9568,FALSE
10938,pp,51479,FALSE
4137,pp,4140,FALSE
4137,pp,4139,FALSE
4915,pp,6272,FALSE
10211,pp,2319,FALSE
51699,pp,9559,FALSE
51699,pp,55737,FALSE
6642,pp,6643,FALSE
55737,pp,6642,FALSE
55737,pp,9559,FALSE
6643,pp,6643,FALSE
10015,pp,6386,FALSE
10152,pp,9743,FALSE
5515,pp,55697,FALSE
11332,pp,816,FALSE
11332,pp,29979,FALSE
11332,pp,1410,FALSE
10213,pp,5713,FALSE
3251,pp,6386,FALSE
2512,pp,6386,FALSE
6252,pp,6386,FALSE
54585,pp,6386,FALSE
10152,pp,6386,FALSE
55964,pp,6386,FALSE
55577,pp,6386,FALSE
22924,pp,6386,FALSE
6386,pp,8618,FALSE
8573,pp,8825,FALSE
4355,pp,8825,FALSE
7791,pp,8825,FALSE
10152,pp,9146,FALSE
2051,pp,60491,FALSE
226,pp,230,FALSE
29979,pp,6184,FALSE
2170,pp,57698,FALSE
163,pp,293,FALSE
1327,pp,6386,FALSE
6050,pp,6386,FALSE
1936,pp,7178,FALSE
5702,pp,5706,FALSE
22924,pp,5689,FALSE
5110,pp,7965,FALSE
29979,pp,5479,FALSE
6843,pp,9342,FALSE
22919,pp,5682,FALSE
51100,pp,5682,FALSE
5682,pp,7415,FALSE
2286,pp,29979,FALSE
527,pp,5684,FALSE
5684,pp,5692,FALSE
10105,pp,10152,FALSE
10486,pp,71,FALSE
114569,pp,5780,FALSE
2947,pp,2949,FALSE
5864,pp,5877,FALSE
6386,pp,997,FALSE
10152,pp,7408,FALSE
55198,pp,5878,FALSE
23647,pp,9146,FALSE
114569,pp,23647,FALSE
113146,pp,11345,FALSE
11345,pp,55738,FALSE
1073,pp,11034,FALSE
11034,pp,8887,FALSE
3382,pp,5862,FALSE
10133,pp,10890,FALSE
5912,pp,816,FALSE
5706,pp,6386,FALSE
2885,pp,60491,FALSE
6844,pp,9342,FALSE
23549,pp,4354,FALSE
3831,pp,663,FALSE
1962,pp,71,FALSE
1962,pp,60,FALSE
10152,pp,5562,FALSE
7965,pp,9255,FALSE
29979,pp,7335,FALSE
1781,pp,83658,FALSE
10152,pp,5300,FALSE
10313,pp,6642,FALSE
57142,pp,6642,FALSE
1400,pp,1809,FALSE
1808,pp,1809,FALSE
2912,pp,29979,FALSE
3927,pp,5684,FALSE
3927,pp,55964,FALSE
5684,pp,7536,FALSE
10982,pp,22919,FALSE
22919,pp,22924,FALSE
5700,pp,5711,FALSE
1808,pp,56896,FALSE
55697,pp,883,FALSE
29979,pp,441518,FALSE
10486,pp,60,FALSE
3939,pp,5602,FALSE
29979,pp,51144,FALSE
10486,pp,1073,FALSE
30011,pp,5684,FALSE
114569,pp,203068,FALSE
10016,pp,311,FALSE
10342,pp,311,FALSE
10152,pp,56243,FALSE
114569,pp,6455,FALSE
10152,pp,3190,FALSE
5684,pp,80017,FALSE
29979,pp,55739,FALSE
23190,pp,29979,FALSE
26578,pp,6386,FALSE
23157,pp,5413,FALSE
4735,pp,5413,FALSE
10767,pp,53918,FALSE
26060,pp,63893,FALSE
56648,pp,6386,FALSE
56648,pp,60491,FALSE
55156,pp,56181,FALSE
28970,pp,55697,FALSE
9217,pp,9885,FALSE
25930,pp,5684,FALSE
54828,pp,80262,FALSE
55233,pp,55964,FALSE
22931,pp,8887,FALSE
11311,pp,64145,FALSE
51571,pp,60491,FALSE
25813,pp,54927,FALSE
58473,pp,5910,FALSE
23157,pp,55964,FALSE
10801,pp,23157,FALSE
29979,pp,813,FALSE
23786,pp,51090,FALSE
51100,pp,7165,FALSE
498,pp,506,FALSE
3799,pp,8887,FALSE
6386,pp,874,FALSE
23564,pp,55697,FALSE
57698,pp,57698,FALSE
4282,pp,4282,FALSE
3796,pp,3796,FALSE
8574,pp,8574,FALSE
10768,pp,10768,FALSE
8522,pp,8522,FALSE
3251,pp,3251,FALSE
3945,pp,3945,FALSE
5213,pp,5213,FALSE
5860,pp,5860,FALSE
2098,pp,2098,FALSE
5834,pp,5834,FALSE
2539,pp,2539,FALSE
3615,pp,3615,FALSE
2670,pp,2670,FALSE
3958,pp,3958,FALSE
5702,pp,5702,FALSE
7414,pp,7414,FALSE
2781,pp,2781,FALSE
528,pp,528,FALSE
191,pp,191,FALSE
4144,pp,4144,FALSE
6470,pp,6470,FALSE
27316,pp,27316,FALSE
10486,pp,10486,FALSE
2949,pp,2949,FALSE
2010,pp,2010,FALSE
10247,pp,10247,FALSE
5706,pp,5706,FALSE
79026,pp,79026,FALSE
8514,pp,8514,FALSE
816,pp,816,FALSE
817,pp,817,FALSE
10540,pp,10540,FALSE
1400,pp,1400,FALSE
1974,pp,1974,FALSE
22919,pp,22919,FALSE
1073,pp,1073,FALSE
30011,pp,30011,FALSE
80318,pp,80318,FALSE
51181,pp,51181,FALSE
26086,pp,26086,FALSE
84959,pp,84959,FALSE
64853,pp,64853,FALSE
5413,pp,5413,FALSE
84056,pp,84056,FALSE
65991,pp,65991,FALSE
57142,pp,57142,FALSE
54438,pp,54438,FALSE
10152,pp,10152,FALSE
55964,pp,55964,FALSE
51466,pp,51466,FALSE
23549,pp,23549,FALSE
22895,pp,5864,FALSE
4738,pp,9040,FALSE
2475,pp,5861,FALSE
3840,pp,7536,FALSE
6342,pp,7536,FALSE
1213,pp,7536,FALSE
3184,pp,7536,FALSE
1471,pp,1471,FALSE
3708,pp,7416,FALSE
3313,pp,7416,FALSE
3313,pp,3708,FALSE
10105,pp,3708,FALSE
310,pp,6717,FALSE
2885,pp,9901,FALSE
481,pp,6521,FALSE
6176,pp,6181,FALSE
2982,pp,2983,FALSE
2983,pp,2983,FALSE
29978,pp,3178,FALSE
28958,pp,55210,FALSE
10059,pp,56947,FALSE
10980,pp,5594,FALSE
213,pp,213,FALSE
128866,pp,25978,FALSE
128866,pp,128866,FALSE
128866,pp,27183,FALSE
27183,pp,27183,FALSE
25978,pp,25978,FALSE
25978,pp,26227,FALSE
128866,pp,54862,FALSE
128866,pp,91782,FALSE
2670,pp,4747,FALSE
10313,pp,65009,FALSE
23786,pp,5354,FALSE
114569,pp,65009,FALSE
114569,pp,2571,FALSE
1785,pp,1785,FALSE
1785,pp,51429,FALSE
5566,pp,5577,FALSE
56904,pp,56904,FALSE
22924,pp,22924,FALSE
10540,pp,22924,FALSE
22919,pp,5576,FALSE
5818,pp,6386,FALSE
23513,pp,8874,FALSE
10059,pp,23513,FALSE
1501,pp,23513,FALSE
23513,pp,2977,FALSE
23513,pp,53616,FALSE
1499,pp,23513,FALSE
23513,pp,8671,FALSE
1501,pp,1739,FALSE
1739,pp,2904,FALSE
1739,pp,9922,FALSE
1501,pp,55914,FALSE
23513,pp,87,FALSE
23513,pp,81,FALSE
1739,pp,3739,FALSE
10938,pp,10938,FALSE
1173,pp,8349,FALSE
23647,pp,51100,FALSE
10105,pp,23647,FALSE
23647,pp,65009,FALSE
23647,pp,27236,FALSE
23647,pp,6386,FALSE
4259,pp,65991,FALSE
23780,pp,4259,FALSE
4259,pp,4259,FALSE
347,pp,4259,FALSE
4259,pp,9554,FALSE
116841,pp,4259,FALSE
29978,pp,5708,FALSE
149371,pp,7965,FALSE
10493,pp,5354,FALSE
54472,pp,5689,FALSE
10857,pp,439,FALSE
283578,pp,54918,FALSE
1962,pp,54918,FALSE
27316,pp,54918,FALSE
10313,pp,7781,FALSE
10313,pp,22908,FALSE
10980,pp,51138,FALSE
23780,pp,94097,FALSE
4741,pp,7431,FALSE
10152,pp,5682,FALSE
1809,pp,56896,FALSE
5594,pp,5682,FALSE
10484,pp,7536,FALSE
51100,pp,6642,FALSE
1073,pp,5862,FALSE
51466,pp,7791,FALSE
7408,pp,7791,FALSE
7791,pp,84816,FALSE
54769,pp,5910,FALSE
51056,pp,7791,FALSE
60491,pp,7295,FALSE
5524,pp,60491,FALSE
5050,pp,60491,FALSE
387,pp,9181,FALSE
23786,pp,347,FALSE
3187,pp,3187,FALSE
5682,pp,5833,FALSE
3190,pp,5605,FALSE
6386,pp,6642,FALSE
163,pp,408,FALSE
10226,pp,128866,FALSE
10226,pp,6642,FALSE
10226,pp,5780,FALSE
10226,pp,6643,FALSE
54472,pp,80262,FALSE
57471,pp,84816,FALSE
25813,pp,84303,FALSE
84959,pp,9228,FALSE
5689,pp,84959,FALSE
10342,pp,3927,FALSE
3927,pp,9146,FALSE
29978,pp,3927,FALSE
4893,pp,5910,FALSE
4893,pp,9610,FALSE
11140,pp,5706,FALSE
5705,pp,5706,FALSE
3208,pp,7381,FALSE
1962,pp,51566,FALSE
283578,pp,55967,FALSE
29978,pp,5730,FALSE
5518,pp,5524,FALSE
80212,pp,80212,FALSE
1962,pp,8575,FALSE
10342,pp,9146,FALSE
115827,pp,5877,FALSE
114569,pp,8803,FALSE
114569,pp,51100,FALSE
10133,pp,6386,FALSE
10133,pp,9255,FALSE
27236,pp,9522,FALSE
65009,pp,9522,FALSE
23647,pp,9522,FALSE
5780,pp,9522,FALSE
126298,pp,81631,FALSE
1457,pp,1457,FALSE
11235,pp,2193,FALSE
5689,pp,5692,FALSE
25801,pp,5692,FALSE
5692,pp,9146,FALSE
3208,pp,56005,FALSE
1312,pp,2010,FALSE
5354,pp,91663,FALSE
9255,pp,9456,FALSE
80221,pp,9143,FALSE
65009,pp,9143,FALSE
10226,pp,9143,FALSE
51100,pp,9143,FALSE
4354,pp,9143,FALSE
27236,pp,9143,FALSE
1962,pp,9143,FALSE
10152,pp,2280,FALSE
10152,pp,9228,FALSE
10152,pp,112574,FALSE
10152,pp,5062,FALSE
10152,pp,23114,FALSE
10152,pp,51517,FALSE
51517,pp,5300,FALSE
51517,pp,8522,FALSE
282974,pp,9146,FALSE
6386,pp,80318,FALSE
221184,pp,51517,FALSE
816,pp,817,FALSE
816,pp,818,FALSE
11140,pp,816,FALSE
149371,pp,56243,FALSE
51100,pp,8723,FALSE
10980,pp,53358,FALSE
112936,pp,55737,FALSE
5701,pp,5708,FALSE
5594,pp,8682,FALSE
4722,pp,8834,FALSE
192683,pp,23647,FALSE
192683,pp,6455,FALSE
392,pp,6455,FALSE
273,pp,5530,FALSE
51286,pp,56947,FALSE
10152,pp,5530,FALSE
5887,pp,7316,FALSE
28227,pp,9146,FALSE
25801,pp,83451,FALSE
51100,pp,7163,FALSE
2316,pp,53918,FALSE
60484,pp,6396,FALSE
5689,pp,8396,FALSE
60682,pp,64744,FALSE
493856,pp,9854,FALSE
23780,pp,493856,FALSE
493856,pp,63908,FALSE
1962,pp,493856,FALSE
112755,pp,91452,FALSE
2912,pp,91452,FALSE
817,pp,818,FALSE
23111,pp,5573,FALSE
63908,pp,9342,FALSE
112755,pp,63908,FALSE
63908,pp,6804,FALSE
10152,pp,9892,FALSE
5129,pp,9135,FALSE
7965,pp,9135,FALSE
10152,pp,9135,FALSE
11345,pp,8887,FALSE
5887,pp,8887,FALSE
7316,pp,8887,FALSE
5333,pp,9146,FALSE
1915,pp,23170,FALSE
63908,pp,6857,FALSE
663,pp,6857,FALSE
10105,pp,6856,FALSE
6386,pp,6856,FALSE
2010,pp,6804,FALSE
23780,pp,6804,FALSE
6804,pp,6844,FALSE
5354,pp,6804,FALSE
6804,pp,9554,FALSE
6804,pp,6843,FALSE
6804,pp,6804,FALSE
2824,pp,6804,FALSE
116841,pp,6804,FALSE
6855,pp,92399,FALSE
5780,pp,6855,FALSE
11140,pp,6804,FALSE
6642,pp,6855,FALSE
51100,pp,6855,FALSE
10105,pp,6855,FALSE
23647,pp,6855,FALSE
10226,pp,6855,FALSE
23066,pp,6855,FALSE
65009,pp,6855,FALSE
1962,pp,57017,FALSE
57017,pp,80221,FALSE
6642,pp,7905,FALSE
23647,pp,7905,FALSE
10006,pp,9456,FALSE
10006,pp,7408,FALSE
10006,pp,56243,FALSE
10006,pp,10152,FALSE
10006,pp,23114,FALSE
10056,pp,2193,FALSE
54940,pp,7781,FALSE
11140,pp,60,FALSE
4741,pp,4747,FALSE
56947,pp,56947,FALSE
22908,pp,56947,FALSE
5354,pp,56947,FALSE
51090,pp,56947,FALSE
23780,pp,56947,FALSE
347,pp,56947,FALSE
56947,pp,9554,FALSE
10484,pp,56947,FALSE
1785,pp,6386,FALSE
10484,pp,1785,FALSE
2885,pp,8936,FALSE
3799,pp,5577,FALSE
1738,pp,8050,FALSE
25874,pp,6642,FALSE
25874,pp,25874,FALSE
112755,pp,9342,FALSE
10938,pp,9342,FALSE
10529,pp,7414,FALSE
5518,pp,6801,FALSE
11235,pp,6801,FALSE
10575,pp,10576,FALSE
5834,pp,5837,FALSE
10814,pp,65009,FALSE
6386,pp,98,FALSE
3945,pp,6386,FALSE
23205,pp,6386,FALSE
6386,pp,663,FALSE
5413,pp,6386,FALSE
6386,pp,63908,FALSE
26232,pp,6386,FALSE
441518,pp,6386,FALSE
3190,pp,386617,FALSE
29966,pp,5518,FALSE
6636,pp,9885,FALSE
2946,pp,2949,FALSE
5910,pp,5912,FALSE
11140,pp,55964,FALSE
5414,pp,8655,FALSE
11345,pp,8655,FALSE
196403,pp,2534,FALSE
196403,pp,2885,FALSE
1962,pp,7415,FALSE
653689,pp,7415,FALSE
8646,pp,8825,FALSE
23052,pp,7447,FALSE
1159,pp,1329,FALSE
2782,pp,55697,FALSE
3927,pp,55697,FALSE
5537,pp,55697,FALSE
55697,pp,83451,FALSE
1962,pp,55697,FALSE
55697,pp,55697,FALSE
29978,pp,6782,FALSE
7295,pp,87,FALSE
10612,pp,10612,FALSE
10612,pp,1453,FALSE
10612,pp,23321,FALSE
2286,pp,29978,FALSE
29978,pp,5887,FALSE
29978,pp,29979,FALSE
29978,pp,9146,FALSE
29978,pp,7917,FALSE
29978,pp,5300,FALSE
29978,pp,7335,FALSE
29978,pp,5479,FALSE
29978,pp,51144,FALSE
11332,pp,29978,FALSE
10152,pp,29978,FALSE
29978,pp,56005,FALSE
29978,pp,7316,FALSE
29978,pp,55739,FALSE
29978,pp,441518,FALSE
29978,pp,29978,FALSE
29978,pp,81567,FALSE
112755,pp,6844,FALSE
112755,pp,6843,FALSE
112755,pp,116841,FALSE
5566,pp,5573,FALSE
127281,pp,55346,FALSE
1429,pp,1429,FALSE
285148,pp,285148,FALSE
25932,pp,286262,FALSE
22905,pp,23558,FALSE
22905,pp,7316,FALSE
22905,pp,23111,FALSE
1741,pp,7458,FALSE
1741,pp,9229,FALSE
1741,pp,9228,FALSE
23780,pp,283578,FALSE
5636,pp,5636,FALSE
5631,pp,5636,FALSE
10938,pp,30845,FALSE
1399,pp,5706,FALSE
162,pp,25977,FALSE
10484,pp,8803,FALSE
11112,pp,950,FALSE
11112,pp,9854,FALSE
11112,pp,6844,FALSE
11112,pp,9554,FALSE
11112,pp,1312,FALSE
148252,pp,5910,FALSE
51678,pp,8825,FALSE
10243,pp,5682,FALSE
1781,pp,6993,FALSE
53918,pp,6993,FALSE
6993,pp,87,FALSE
80273,pp,80273,FALSE
5682,pp,6993,FALSE
6386,pp,6993,FALSE
11140,pp,818,FALSE
5689,pp,818,FALSE
10419,pp,11140,FALSE
10419,pp,2051,FALSE
6272,pp,7018,FALSE
4199,pp,4199,FALSE
56850,pp,5689,FALSE
1962,pp,56850,FALSE
11140,pp,56850,FALSE
56850,pp,56850,FALSE
4698,pp,4722,FALSE
5689,pp,6455,FALSE
1740,pp,9228,FALSE
1740,pp,9229,FALSE
1740,pp,58512,FALSE
5594,pp,6812,FALSE
3927,pp,815,FALSE
815,pp,816,FALSE
815,pp,818,FALSE
815,pp,817,FALSE
11140,pp,815,FALSE
22941,pp,9456,FALSE
10458,pp,22941,FALSE
22941,pp,5530,FALSE
29979,pp,7917,FALSE
29979,pp,56005,FALSE
345557,pp,5034,FALSE
6386,pp,9854,FALSE
55856,pp,56005,FALSE
3039,pp,3045,FALSE
10152,pp,2670,FALSE
11140,pp,2670,FALSE
11140,pp,71,FALSE
1917,pp,23170,FALSE
23170,pp,3337,FALSE
84056,pp,9525,FALSE
11140,pp,8522,FALSE
10146,pp,9100,FALSE
10152,pp,10540,FALSE
6285,pp,6386,FALSE
2010,pp,9217,FALSE
1159,pp,5702,FALSE
9218,pp,9885,FALSE
347,pp,9218,FALSE
1173,pp,4354,FALSE
51606,pp,9751,FALSE
23474,pp,23474,FALSE
10574,pp,23558,FALSE
54585,pp,55233,FALSE
54585,pp,5689,FALSE
1962,pp,54585,FALSE
10580,pp,84816,FALSE
54585,pp,5682,FALSE
4259,pp,6507,FALSE
5687,pp,5709,FALSE
6386,pp,9145,FALSE
65009,pp,9145,FALSE
10226,pp,9145,FALSE
53358,pp,5714,FALSE
5714,pp,9588,FALSE
10211,pp,1329,FALSE
114876,pp,9218,FALSE
287,pp,30845,FALSE
30845,pp,51479,FALSE
10938,pp,64145,FALSE
30845,pp,64145,FALSE
10454,pp,8473,FALSE
115207,pp,115207,FALSE
3945,pp,535,FALSE
3837,pp,3840,FALSE
7917,pp,7917,FALSE
1410,pp,226,FALSE
1410,pp,1639,FALSE
10675,pp,351,FALSE
1453,pp,5789,FALSE
2011,pp,5789,FALSE
3983,pp,5789,FALSE
9026,pp,9026,FALSE
5595,pp,5595,FALSE
5594,pp,5594,FALSE
5581,pp,5581,FALSE
10135,pp,10135,FALSE
2923,pp,2923,FALSE
3799,pp,3799,FALSE
10971,pp,7529,FALSE
7529,pp,7529,FALSE
10971,pp,10971,FALSE
7533,pp,7533,FALSE
7532,pp,7532,FALSE
10971,pp,7532,FALSE
7529,pp,7532,FALSE
348,pp,351,FALSE
1399,pp,1399,FALSE
2235,pp,2235,FALSE
6009,pp,7178,FALSE
2571,pp,2571,FALSE
5058,pp,5093,FALSE
5058,pp,5236,FALSE
5058,pp,6130,FALSE
1155,pp,5058,FALSE
2316,pp,5058,FALSE
2617,pp,2617,FALSE
6647,pp,6647,FALSE
4735,pp,4735,FALSE
55847,pp,55847,FALSE
1639,pp,22919,FALSE
25978,pp,9525,FALSE
25978,pp,27183,FALSE
5052,pp,5052,FALSE
54205,pp,5447,FALSE
3735,pp,3735,FALSE
25801,pp,6717,FALSE
5184,pp,7874,FALSE
10059,pp,6455,FALSE
5413,pp,989,FALSE
5595,pp,644,FALSE
22919,pp,9212,FALSE
11047,pp,29978,FALSE
10015,pp,128866,FALSE
375,pp,375,FALSE
2058,pp,7965,FALSE
7416,pp,7416,FALSE
10015,pp,10016,FALSE
51429,pp,51429,FALSE
6272,pp,6272,FALSE
361,pp,361,FALSE
9368,pp,9368,FALSE
10015,pp,3958,FALSE
288,pp,8546,FALSE
217,pp,217,FALSE
5573,pp,5573,FALSE
2890,pp,5499,FALSE
32,pp,32,FALSE
8290,pp,8294,FALSE
818,pp,818,FALSE
5095,pp,5096,FALSE
10963,pp,3326,FALSE
3326,pp,9049,FALSE
5654,pp,5654,FALSE
4685,pp,4685,FALSE
10815,pp,6616,FALSE
57524,pp,57524,FALSE
1191,pp,351,FALSE
55611,pp,7334,FALSE
4627,pp,4627,FALSE
6563,pp,6563,FALSE
547,pp,547,FALSE
5315,pp,5315,FALSE
2058,pp,2058,FALSE
3418,pp,3418,FALSE
2782,pp,54331,FALSE
2043,pp,2043,FALSE
6301,pp,6301,FALSE
5499,pp,5527,FALSE
5214,pp,5214,FALSE
214,pp,214,FALSE
26052,pp,26052,FALSE
23380,pp,23380,FALSE
10243,pp,23380,FALSE
4137,pp,5654,FALSE
6521,pp,6521,FALSE
1398,pp,5478,FALSE
7353,pp,7415,FALSE
5091,pp,5091,FALSE
7781,pp,7781,FALSE
1272,pp,26047,FALSE
1272,pp,1272,FALSE
5300,pp,5604,FALSE
8290,pp,9212,FALSE
8575,pp,998,FALSE
5704,pp,998,FALSE
5654,pp,998,FALSE
10989,pp,5160,FALSE
1272,pp,2861,FALSE
23770,pp,2861,FALSE
2550,pp,2861,FALSE
2861,pp,7184,FALSE
2861,pp,2861,FALSE
2861,pp,6520,FALSE
2861,pp,6543,FALSE
2861,pp,57348,FALSE
2861,pp,333926,FALSE
144402,pp,23513,FALSE
23513,pp,491,FALSE
23513,pp,490,FALSE
23513,pp,25824,FALSE
23513,pp,2904,FALSE
23513,pp,6563,FALSE
1739,pp,53616,FALSE
1739,pp,2977,FALSE
1739,pp,23096,FALSE
1739,pp,8776,FALSE
1742,pp,2977,FALSE
1501,pp,1742,FALSE
2977,pp,6641,FALSE
2977,pp,6640,FALSE
6507,pp,6507,FALSE
392,pp,663,FALSE
23190,pp,7415,FALSE
80331,pp,8618,FALSE
3267,pp,80331,FALSE
163,pp,80331,FALSE
80331,pp,8825,FALSE
80331,pp,8573,FALSE
25977,pp,80331,FALSE
80331,pp,8650,FALSE
80331,pp,9892,FALSE
64145,pp,80331,FALSE
80331,pp,9342,FALSE
6622,pp,80331,FALSE
6457,pp,80331,FALSE
80331,pp,9522,FALSE
192683,pp,80331,FALSE
80331,pp,9369,FALSE
6843,pp,80331,FALSE
6855,pp,80331,FALSE
6857,pp,80331,FALSE
6844,pp,80331,FALSE
3039,pp,80331,FALSE
5718,pp,80331,FALSE
6529,pp,80331,FALSE
80331,pp,9146,FALSE
57030,pp,80331,FALSE
160,pp,80331,FALSE
246213,pp,80331,FALSE
3312,pp,4137,FALSE
274,pp,4137,FALSE
351,pp,5354,FALSE
351,pp,55754,FALSE
351,pp,4508,FALSE
351,pp,9217,FALSE
321,pp,351,FALSE
22883,pp,321,FALSE
321,pp,321,FALSE
2597,pp,6521,FALSE
3190,pp,8349,FALSE
114882,pp,8349,FALSE
5339,pp,5709,FALSE
3329,pp,55157,FALSE
287,pp,6238,FALSE
10469,pp,16,FALSE
10130,pp,5036,FALSE
11331,pp,5245,FALSE
1327,pp,63893,FALSE
54927,pp,84303,FALSE
113146,pp,9868,FALSE
10105,pp,5478,FALSE
11344,pp,3151,FALSE
11331,pp,54205,FALSE
1329,pp,493,FALSE
6050,pp,7381,FALSE
2286,pp,84056,FALSE
4701,pp,832,FALSE
5479,pp,811,FALSE
3309,pp,5334,FALSE
11331,pp,23236,FALSE
3313,pp,3329,FALSE
4659,pp,7184,FALSE
54927,pp,85358,FALSE
5802,pp,6238,FALSE
4698,pp,4705,FALSE
5962,pp,811,FALSE
1742,pp,3329,FALSE
3799,pp,5479,FALSE
10768,pp,1937,FALSE
27101,pp,6130,FALSE
3184,pp,4137,FALSE
10130,pp,3309,FALSE
55198,pp,7531,FALSE
1431,pp,3336,FALSE
10525,pp,3309,FALSE
5245,pp,54205,FALSE
6136,pp,7001,FALSE
3151,pp,8036,FALSE
3329,pp,81609,FALSE
11140,pp,5589,FALSE
6217,pp,6223,FALSE
3151,pp,64853,FALSE
129285,pp,2923,FALSE
10469,pp,4978,FALSE
3069,pp,6738,FALSE
10529,pp,2597,FALSE
1915,pp,3098,FALSE
10476,pp,3030,FALSE
10476,pp,506,FALSE
23284,pp,509,FALSE
293,pp,6238,FALSE
3785,pp,5034,FALSE
1500,pp,6647,FALSE
3329,pp,4741,FALSE
3309,pp,7184,FALSE
11331,pp,54940,FALSE
8803,pp,9793,FALSE
4191,pp,498,FALSE
1795,pp,9601,FALSE
387680,pp,9217,FALSE
488,pp,8671,FALSE
10574,pp,10576,FALSE
56850,pp,9601,FALSE
10130,pp,55102,FALSE
3329,pp,8473,FALSE
10131,pp,3313,FALSE
4128,pp,4129,FALSE
1845,pp,7284,FALSE
10575,pp,6950,FALSE
10576,pp,6950,FALSE
4698,pp,4701,FALSE
7416,pp,7419,FALSE
3329,pp,9897,FALSE
4133,pp,51144,FALSE
498,pp,539,FALSE
4723,pp,4731,FALSE
2023,pp,84263,FALSE
23041,pp,3151,FALSE
5910,pp,821,FALSE
5479,pp,5589,FALSE
10576,pp,22948,FALSE
6188,pp,6224,FALSE
476,pp,481,FALSE
6223,pp,7417,FALSE
7417,pp,7419,FALSE
22884,pp,7430,FALSE
829,pp,832,FALSE
1329,pp,7385,FALSE
3313,pp,80273,FALSE
3309,pp,58513,FALSE
10525,pp,58513,FALSE
288,pp,7203,FALSE
10694,pp,6950,FALSE
6576,pp,7184,FALSE
3329,pp,7402,FALSE
10322,pp,8682,FALSE
60,pp,9948,FALSE
3151,pp,7402,FALSE
3006,pp,7402,FALSE
3006,pp,8349,FALSE
3006,pp,8290,FALSE
3151,pp,8349,FALSE
6130,pp,79784,FALSE
79026,pp,8290,FALSE
10121,pp,5339,FALSE
2058,pp,8290,FALSE
2058,pp,8349,FALSE
11076,pp,3151,FALSE
3151,pp,9135,FALSE
6421,pp,6558,FALSE
8290,pp,8349,FALSE
2319,pp,9961,FALSE
2539,pp,3006,FALSE
3006,pp,6000,FALSE
4130,pp,5339,FALSE
25851,pp,3006,FALSE
3308,pp,3312,FALSE
23285,pp,8349,FALSE
23176,pp,989,FALSE
3181,pp,3190,FALSE
3178,pp,3181,FALSE
114789,pp,5339,FALSE
3312,pp,7408,FALSE
6708,pp,8290,FALSE
8349,pp,9475,FALSE
7431,pp,8831,FALSE
4522,pp,79026,FALSE
5094,pp,7415,FALSE
8294,pp,8349,FALSE
3006,pp,8294,FALSE
3151,pp,8294,FALSE
4691,pp,8290,FALSE
5333,pp,5339,FALSE
64422,pp,6709,FALSE
10989,pp,5481,FALSE
10574,pp,5689,FALSE
3006,pp,9901,FALSE
1431,pp,5339,FALSE
5339,pp,8290,FALSE
10645,pp,7431,FALSE
476,pp,501,FALSE
1211,pp,1213,FALSE
3006,pp,490,FALSE
3151,pp,822,FALSE
492,pp,8349,FALSE
3708,pp,5339,FALSE
7094,pp,8349,FALSE
5339,pp,6238,FALSE
8290,pp,9693,FALSE
54918,pp,6711,FALSE
3006,pp,84364,FALSE
3006,pp,7184,FALSE
3151,pp,8290,FALSE
3006,pp,9601,FALSE
3184,pp,5906,FALSE
8349,pp,9854,FALSE
10121,pp,113146,FALSE
6457,pp,6709,FALSE
3312,pp,7265,FALSE
134957,pp,8607,FALSE
3312,pp,3840,FALSE
477,pp,667,FALSE
55605,pp,8290,FALSE
387680,pp,6709,FALSE
79026,pp,8349,FALSE
25758,pp,8349,FALSE
8349,pp,9961,FALSE
114793,pp,8349,FALSE
51555,pp,7431,FALSE
287,pp,3006,FALSE
1020,pp,2597,FALSE
3006,pp,5122,FALSE
3181,pp,3184,FALSE
10419,pp,5339,FALSE
5494,pp,6709,FALSE
50944,pp,8294,FALSE
5064,pp,51004,FALSE
60,pp,832,FALSE
10146,pp,2597,FALSE
5901,pp,8290,FALSE
1629,pp,1653,FALSE
10236,pp,4137,FALSE
3295,pp,6342,FALSE
3309,pp,5036,FALSE
6624,pp,8349,FALSE
23335,pp,6421,FALSE
10121,pp,1962,FALSE
3181,pp,5527,FALSE
309,pp,6130,FALSE
10075,pp,6710,FALSE
3006,pp,8036,FALSE
51520,pp,7431,FALSE
5339,pp,9118,FALSE
302,pp,79026,FALSE
3329,pp,9097,FALSE
10492,pp,26092,FALSE
23041,pp,6709,FALSE
8290,pp,9941,FALSE
8290,pp,9349,FALSE
5901,pp,8294,FALSE
3309,pp,80728,FALSE
55752,pp,989,FALSE
29767,pp,56005,FALSE
3184,pp,4131,FALSE
1384,pp,6711,FALSE
10476,pp,11034,FALSE
10989,pp,4134,FALSE
2597,pp,4712,FALSE
1795,pp,8290,FALSE
1937,pp,3006,FALSE
1211,pp,25885,FALSE
5034,pp,5479,FALSE
7417,pp,79026,FALSE
10097,pp,3184,FALSE
4659,pp,6184,FALSE
4691,pp,6709,FALSE
27316,pp,28989,FALSE
23157,pp,989,FALSE
10131,pp,60,FALSE
2023,pp,6642,FALSE
3329,pp,8650,FALSE
11346,pp,87,FALSE
60,pp,7178,FALSE
5052,pp,7178,FALSE
3313,pp,7178,FALSE
10801,pp,55752,FALSE
10801,pp,989,FALSE
10801,pp,4735,FALSE
3028,pp,3028,FALSE
1956,pp,6642,FALSE
2048,pp,2048,FALSE
1020,pp,1020,FALSE
1213,pp,9146,FALSE
1465,pp,1465,FALSE
1915,pp,5335,FALSE
1936,pp,3895,FALSE
2512,pp,51678,FALSE
2316,pp,3688,FALSE
2017,pp,22941,FALSE
387,pp,5910,FALSE
5066,pp,8997,FALSE
5906,pp,5910,FALSE
149371,pp,5898,FALSE
6181,pp,6181,FALSE
1191,pp,1191,FALSE
164,pp,6855,FALSE
162,pp,164,FALSE
2194,pp,2194,FALSE
6854,pp,6854,FALSE
5901,pp,5902,FALSE
2475,pp,29979,FALSE
1785,pp,50944,FALSE
1785,pp,22941,FALSE
6453,pp,9522,FALSE
10006,pp,55740,FALSE
22941,pp,8874,FALSE
10059,pp,2932,FALSE
50944,pp,8874,FALSE
29979,pp,5034,FALSE
29993,pp,29993,FALSE
10128,pp,55201,FALSE
10492,pp,5781,FALSE
2037,pp,2286,FALSE
2037,pp,2890,FALSE
10681,pp,2785,FALSE
51429,pp,51678,FALSE
149371,pp,55770,FALSE
10092,pp,10093,FALSE
64225,pp,84100,FALSE
27316,pp,9491,FALSE
10587,pp,5702,FALSE
23111,pp,7846,FALSE
1399,pp,613,FALSE
71,pp,7114,FALSE
2571,pp,5566,FALSE
2571,pp,5581,FALSE
221692,pp,5499,FALSE
476,pp,5578,FALSE
476,pp,5594,FALSE
476,pp,5595,FALSE
5868,pp,6386,FALSE
1072,pp,10808,FALSE
10808,pp,83658,FALSE
2913,pp,5494,FALSE
1639,pp,667,FALSE
50944,pp,9229,FALSE
50944,pp,50944,FALSE
1739,pp,815,FALSE
28964,pp,8541,FALSE
11033,pp,5581,FALSE
2904,pp,9743,FALSE
387,pp,9743,FALSE
55770,pp,5898,FALSE
1500,pp,2534,FALSE
5879,pp,9743,FALSE
5861,pp,5877,FALSE
387,pp,3895,FALSE
2769,pp,7265,FALSE
2549,pp,6093,FALSE
3074,pp,3074,FALSE
23066,pp,9690,FALSE
2036,pp,3708,FALSE
55740,pp,7791,FALSE
2776,pp,6000,FALSE
5581,pp,7416,FALSE
302,pp,5245,FALSE
85358,pp,8874,FALSE
10419,pp,4155,FALSE
1457,pp,5048,FALSE
1459,pp,4691,FALSE
22948,pp,60,FALSE
10576,pp,60,FALSE
5566,pp,6262,FALSE
5567,pp,6262,FALSE
11345,pp,5911,FALSE
11345,pp,5906,FALSE
2185,pp,2934,FALSE
10381,pp,8874,FALSE
7316,pp,7345,FALSE
3312,pp,7316,FALSE
6421,pp,7316,FALSE
10381,pp,7018,FALSE
10383,pp,1743,FALSE
10381,pp,1937,FALSE
2744,pp,6640,FALSE
663,pp,998,FALSE
10458,pp,50944,FALSE
5864,pp,5876,FALSE
4035,pp,9479,FALSE
1742,pp,4035,FALSE
321,pp,4035,FALSE
4478,pp,4478,FALSE
30845,pp,9342,FALSE
9342,pp,9342,FALSE
10726,pp,5048,FALSE
2185,pp,2185,FALSE
1845,pp,1956,FALSE
10540,pp,5048,FALSE
1778,pp,5048,FALSE
5595,pp,5604,FALSE
5595,pp,5605,FALSE
663,pp,663,FALSE
5594,pp,5605,FALSE
28964,pp,8874,FALSE
28964,pp,28964,FALSE
1742,pp,9146,FALSE
1742,pp,8573,FALSE
1742,pp,8831,FALSE
1741,pp,8831,FALSE
5478,pp,5530,FALSE
2280,pp,2280,FALSE
3799,pp,6616,FALSE
6616,pp,80725,FALSE
55914,pp,667,FALSE
8655,pp,9229,FALSE
55914,pp,55914,FALSE
3190,pp,5094,FALSE
3178,pp,3178,FALSE
998,pp,998,FALSE
1741,pp,1742,FALSE
114569,pp,7164,FALSE
7706,pp,7706,FALSE
5702,pp,5705,FALSE
1453,pp,2697,FALSE
3984,pp,7534,FALSE
1739,pp,9229,FALSE
1742,pp,9228,FALSE
1742,pp,58512,FALSE
3895,pp,391,FALSE
2058,pp,3320,FALSE
28227,pp,5515,FALSE
1741,pp,2903,FALSE
1740,pp,2903,FALSE
1741,pp,2904,FALSE
1740,pp,2904,FALSE
3329,pp,760,FALSE
11069,pp,5911,FALSE
11069,pp,5906,FALSE
10645,pp,8536,FALSE
10645,pp,5566,FALSE
5170,pp,5170,FALSE
2185,pp,9600,FALSE
2185,pp,57605,FALSE
11276,pp,26088,FALSE
11276,pp,164,FALSE
1639,pp,5870,FALSE
1537,pp,54205,FALSE
5066,pp,7249,FALSE
5906,pp,5909,FALSE
6009,pp,7249,FALSE
2932,pp,7249,FALSE
5789,pp,5802,FALSE
7295,pp,7431,FALSE
8411,pp,8411,FALSE
23092,pp,387,FALSE
23092,pp,998,FALSE
3895,pp,5879,FALSE
2280,pp,3708,FALSE
1445,pp,3190,FALSE
1471,pp,1476,FALSE
10612,pp,81,FALSE
6742,pp,6742,FALSE
2932,pp,5578,FALSE
6453,pp,6616,FALSE
60491,pp,9318,FALSE
5216,pp,7408,FALSE
5217,pp,7408,FALSE
2534,pp,6622,FALSE
5868,pp,9610,FALSE
5869,pp,9610,FALSE
1742,pp,4130,FALSE
1020,pp,5058,FALSE
5594,pp,9149,FALSE
11276,pp,9522,FALSE
5868,pp,7879,FALSE
5869,pp,7879,FALSE
5870,pp,7879,FALSE
85358,pp,9229,FALSE
85358,pp,9228,FALSE
58512,pp,85358,FALSE
22941,pp,9229,FALSE
22941,pp,9228,FALSE
22941,pp,58512,FALSE
6709,pp,85358,FALSE
217,pp,3336,FALSE
217,pp,3329,FALSE
3329,pp,3336,FALSE
1020,pp,5127,FALSE
6853,pp,6854,FALSE
6854,pp,7534,FALSE
6854,pp,7531,FALSE
1398,pp,7514,FALSE
30011,pp,56904,FALSE
10211,pp,10580,FALSE
116986,pp,2036,FALSE
226,pp,529,FALSE
230,pp,529,FALSE
1173,pp,361,FALSE
7389,pp,7389,FALSE
1646,pp,1646,FALSE
5604,pp,5604,FALSE
2185,pp,5781,FALSE
3735,pp,55157,FALSE
55157,pp,7965,FALSE
348980,pp,348980,FALSE
10121,pp,6712,FALSE
5599,pp,6416,FALSE
5906,pp,9693,FALSE
4638,pp,5058,FALSE
6119,pp,6119,FALSE
23136,pp,7533,FALSE
23136,pp,7529,FALSE
1937,pp,833,FALSE
6616,pp,6844,FALSE
10815,pp,6804,FALSE
10815,pp,6844,FALSE
5048,pp,5049,FALSE
5048,pp,5050,FALSE
7402,pp,7402,FALSE
10487,pp,10487,FALSE
10486,pp,10487,FALSE
10487,pp,71,FALSE
1936,pp,2617,FALSE
8396,pp,8396,FALSE
3688,pp,4830,FALSE
2185,pp,2534,FALSE
4915,pp,53358,FALSE
4915,pp,5335,FALSE
81,pp,815,FALSE
81,pp,816,FALSE
5170,pp,5566,FALSE
4830,pp,5879,FALSE
1739,pp,8573,FALSE
26056,pp,9230,FALSE
51377,pp,5714,FALSE
10273,pp,3308,FALSE
10273,pp,3337,FALSE
10540,pp,65108,FALSE
5802,pp,8541,FALSE
1410,pp,5684,FALSE
23637,pp,5870,FALSE
6176,pp,6176,FALSE
2048,pp,5335,FALSE
5127,pp,7534,FALSE
5127,pp,7533,FALSE
10971,pp,5127,FALSE
1173,pp,162,FALSE
3184,pp,3315,FALSE
391,pp,396,FALSE
5781,pp,5781,FALSE
2782,pp,2785,FALSE
2783,pp,2785,FALSE
11047,pp,7316,FALSE
10273,pp,10273,FALSE
10273,pp,2977,FALSE
7323,pp,84959,FALSE
8452,pp,8452,FALSE
11315,pp,6647,FALSE
1956,pp,9049,FALSE
51569,pp,7323,FALSE
2037,pp,7534,FALSE
4627,pp,7534,FALSE
7534,pp,7534,FALSE
10987,pp,7534,FALSE
11346,pp,7534,FALSE
23108,pp,7534,FALSE
140690,pp,7917,FALSE
10273,pp,26232,FALSE
10724,pp,8473,FALSE
1457,pp,8473,FALSE
4137,pp,8473,FALSE
7529,pp,815,FALSE
7529,pp,816,FALSE
29072,pp,29072,FALSE
6622,pp,7316,FALSE
55611,pp,7316,FALSE
10273,pp,1728,FALSE
387,pp,55611,FALSE
10075,pp,10075,FALSE
10273,pp,7316,FALSE
7316,pp,997,FALSE
1020,pp,7094,FALSE
5515,pp,5562,FALSE
481,pp,57447,FALSE
2475,pp,5578,FALSE
1020,pp,7917,FALSE
2932,pp,7917,FALSE
5879,pp,7917,FALSE
5300,pp,7917,FALSE
408,pp,5595,FALSE
408,pp,5594,FALSE
2932,pp,408,FALSE
3184,pp,5093,FALSE
3184,pp,5094,FALSE
10015,pp,30011,FALSE
3308,pp,6647,FALSE
7316,pp,7334,FALSE
10273,pp,6622,FALSE
5333,pp,5898,FALSE
5499,pp,6421,FALSE
7316,pp,7874,FALSE
7846,pp,87,FALSE
1605,pp,7846,FALSE
1605,pp,87,FALSE
1605,pp,3688,FALSE
3688,pp,7846,FALSE
1605,pp,7094,FALSE
1605,pp,7414,FALSE
7094,pp,7846,FALSE
7414,pp,7846,FALSE
3006,pp,5578,FALSE
4155,pp,5578,FALSE
4155,pp,5527,FALSE
351,pp,7532,FALSE
22905,pp,6453,FALSE
3267,pp,6453,FALSE
3268,pp,6453,FALSE
6453,pp,7461,FALSE
58513,pp,6453,FALSE
6453,pp,6453,FALSE
1213,pp,6453,FALSE
23647,pp,6453,FALSE
10015,pp,6453,FALSE
6453,pp,9135,FALSE
6453,pp,9229,FALSE
5868,pp,6453,FALSE
382,pp,6453,FALSE
11140,pp,11140,FALSE
1499,pp,3094,FALSE
5682,pp,5682,FALSE
5682,pp,5687,FALSE
5682,pp,5693,FALSE
5683,pp,5693,FALSE
5530,pp,5687,FALSE
5578,pp,8290,FALSE
29979,pp,351,FALSE
5689,pp,5696,FALSE
5562,pp,5717,FALSE
5705,pp,815,FALSE
9212,pp,9212,FALSE
3984,pp,4155,FALSE
1020,pp,1759,FALSE
10015,pp,9525,FALSE
10015,pp,10015,FALSE
7316,pp,9690,FALSE
1956,pp,5579,FALSE
26088,pp,7316,FALSE
2554,pp,29979,FALSE
7316,pp,9100,FALSE
1213,pp,161,FALSE
1213,pp,163,FALSE
1213,pp,164,FALSE
1213,pp,26088,FALSE
29979,pp,58513,FALSE
1457,pp,26088,FALSE
10910,pp,3320,FALSE
7316,pp,7336,FALSE
79876,pp,79876,FALSE
7317,pp,997,FALSE
7317,pp,7323,FALSE
10226,pp,23111,FALSE
3735,pp,5594,FALSE
2011,pp,2011,FALSE
27101,pp,27101,FALSE
4738,pp,8883,FALSE
8883,pp,9040,FALSE
7316,pp,8237,FALSE
23770,pp,5700,FALSE
1457,pp,9318,FALSE
1457,pp,50813,FALSE
51377,pp,7316,FALSE
4035,pp,54862,FALSE
351,pp,8774,FALSE
22919,pp,4035,FALSE
22919,pp,351,FALSE
26986,pp,26986,FALSE
2932,pp,3308,FALSE
1457,pp,3308,FALSE
2932,pp,3320,FALSE
55236,pp,7316,FALSE
5713,pp,7431,FALSE
997,pp,997,FALSE
1020,pp,273,FALSE
2885,pp,613,FALSE
26232,pp,3688,FALSE
9690,pp,9690,FALSE
10131,pp,5704,FALSE
2521,pp,5036,FALSE
1457,pp,5905,FALSE
5692,pp,8454,FALSE
5692,pp,5696,FALSE
5693,pp,5694,FALSE
5687,pp,5694,FALSE
5694,pp,5696,FALSE
5696,pp,5696,FALSE
5687,pp,5693,FALSE
5687,pp,5696,FALSE
5702,pp,5704,FALSE
4133,pp,4140,FALSE
10987,pp,29959,FALSE
1739,pp,2903,FALSE
4644,pp,8655,FALSE
8537,pp,8655,FALSE
5524,pp,9212,FALSE
4673,pp,9318,FALSE
26088,pp,26088,FALSE
2550,pp,2775,FALSE
1508,pp,30011,FALSE
5602,pp,6416,FALSE
27101,pp,5594,FALSE
5048,pp,5048,FALSE
55737,pp,8724,FALSE
1191,pp,87,FALSE
2011,pp,9181,FALSE
2778,pp,2782,FALSE
2011,pp,7402,FALSE
6416,pp,6416,FALSE
4137,pp,5566,FALSE
81,pp,9146,FALSE
200186,pp,5562,FALSE
351,pp,9040,FALSE
2770,pp,2782,FALSE
2771,pp,2782,FALSE
2773,pp,2782,FALSE
2770,pp,2783,FALSE
2771,pp,2783,FALSE
2773,pp,2783,FALSE
2011,pp,5581,FALSE
4140,pp,4140,FALSE
1191,pp,5621,FALSE
1410,pp,6622,FALSE
10953,pp,7415,FALSE
10953,pp,51382,FALSE
10953,pp,5562,FALSE
3312,pp,832,FALSE
8452,pp,9040,FALSE
4155,pp,5595,FALSE
1020,pp,4155,FALSE
2773,pp,5577,FALSE
23513,pp,5578,FALSE
5599,pp,5599,FALSE
2023,pp,2534,FALSE
6921,pp,8453,FALSE
1213,pp,2534,FALSE
2932,pp,5594,FALSE
1499,pp,5599,FALSE
1457,pp,348,FALSE
1457,pp,4137,FALSE
2931,pp,5566,FALSE
2932,pp,5566,FALSE
1453,pp,4137,FALSE
348,pp,348,FALSE
2193,pp,348,FALSE
348,pp,7001,FALSE
348,pp,6009,FALSE
351,pp,5864,FALSE
348,pp,71,FALSE
22905,pp,348,FALSE
348,pp,53822,FALSE
348,pp,5654,FALSE
348,pp,9922,FALSE
348,pp,5110,FALSE
1072,pp,351,FALSE
2185,pp,4137,FALSE
4137,pp,815,FALSE
2670,pp,9212,FALSE
5579,pp,5579,FALSE
5599,pp,9255,FALSE
1962,pp,847,FALSE
4137,pp,5524,FALSE
5524,pp,5579,FALSE
5499,pp,5579,FALSE
10000,pp,2932,FALSE
5602,pp,5602,FALSE
2931,pp,5578,FALSE
2931,pp,5579,FALSE
2931,pp,5582,FALSE
10910,pp,1457,FALSE
2534,pp,2902,FALSE
2534,pp,2904,FALSE
2902,pp,818,FALSE
2904,pp,818,FALSE
2902,pp,5578,FALSE
2904,pp,5578,FALSE
2475,pp,2923,FALSE
5730,pp,5730,FALSE
253260,pp,3308,FALSE
2475,pp,253260,FALSE
1499,pp,2521,FALSE
1457,pp,92675,FALSE
1759,pp,51429,FALSE
4137,pp,5599,FALSE
351,pp,5599,FALSE
4082,pp,5579,FALSE
3151,pp,5578,FALSE
5578,pp,8650,FALSE
5581,pp,8650,FALSE
5579,pp,8650,FALSE
1457,pp,4627,FALSE
1213,pp,408,FALSE
310,pp,5566,FALSE
10133,pp,81631,FALSE
6921,pp,8065,FALSE
10133,pp,51552,FALSE
26056,pp,51552,FALSE
23305,pp,23305,FALSE
613,pp,7316,FALSE
55856,pp,55856,FALSE
5094,pp,8573,FALSE
1956,pp,5566,FALSE
51678,pp,83658,FALSE
51678,pp,6224,FALSE
1785,pp,51678,FALSE
3184,pp,60,FALSE
1938,pp,3184,FALSE
3184,pp,4354,FALSE
2987,pp,3184,FALSE
3184,pp,5034,FALSE
2316,pp,3184,FALSE
3184,pp,6520,FALSE
3184,pp,5604,FALSE
10801,pp,3184,FALSE
10989,pp,3184,FALSE
28989,pp,3184,FALSE
3184,pp,51596,FALSE
1508,pp,3184,FALSE
3184,pp,7384,FALSE
10935,pp,3184,FALSE
23236,pp,2776,FALSE
38,pp,38,FALSE
55233,pp,667,FALSE
55233,pp,5537,FALSE
6801,pp,8428,FALSE
29966,pp,6801,FALSE
1499,pp,29966,FALSE
29966,pp,8428,FALSE
7082,pp,9414,FALSE
3300,pp,7316,FALSE
10982,pp,9212,FALSE
22924,pp,9212,FALSE
3612,pp,6285,FALSE
7323,pp,7323,FALSE
63893,pp,63893,FALSE
4155,pp,5579,FALSE
51377,pp,51377,FALSE
2861,pp,6386,FALSE
7316,pp,7317,FALSE
6613,pp,6613,FALSE
7316,pp,7353,FALSE
7316,pp,80124,FALSE
10681,pp,54331,FALSE
7334,pp,7334,FALSE
2011,pp,8536,FALSE
23770,pp,6009,FALSE
2944,pp,2947,FALSE
547,pp,5684,FALSE
816,pp,9961,FALSE
55697,pp,9961,FALSE
5684,pp,6804,FALSE
10133,pp,9230,FALSE
2475,pp,2782,FALSE
4137,pp,7277,FALSE
10381,pp,4137,FALSE
10458,pp,2011,FALSE
10075,pp,8036,FALSE
2475,pp,84335,FALSE
5599,pp,7534,FALSE
4137,pp,5573,FALSE
10987,pp,8454,FALSE
10980,pp,10987,FALSE
286,pp,6708,FALSE
10273,pp,613,FALSE
5034,pp,5034,FALSE
22859,pp,5684,FALSE
29925,pp,81567,FALSE
29072,pp,8290,FALSE
253260,pp,2932,FALSE
3925,pp,818,FALSE
5058,pp,84446,FALSE
10987,pp,8453,FALSE
7317,pp,7317,FALSE
11345,pp,64422,FALSE
4137,pp,84959,FALSE
26056,pp,8774,FALSE
7317,pp,7334,FALSE
4738,pp,8452,FALSE
8065,pp,9040,FALSE
30845,pp,30845,FALSE
22843,pp,5562,FALSE
5494,pp,5562,FALSE
5562,pp,84254,FALSE
10542,pp,213,FALSE
10542,pp,5265,FALSE
5515,pp,5837,FALSE
8428,pp,8428,FALSE
4738,pp,55611,FALSE
55823,pp,7430,FALSE
5515,pp,8536,FALSE
51400,pp,5515,FALSE
51400,pp,8536,FALSE
10801,pp,30011,FALSE
1457,pp,55611,FALSE
10980,pp,10980,FALSE
253260,pp,2931,FALSE
1499,pp,2931,FALSE
1457,pp,7323,FALSE
2915,pp,5578,FALSE
5705,pp,7431,FALSE
7965,pp,7965,FALSE
5578,pp,6812,FALSE
22933,pp,7277,FALSE
5789,pp,8541,FALSE
8541,pp,8541,FALSE
1457,pp,4673,FALSE
1457,pp,4676,FALSE
27101,pp,5578,FALSE
6993,pp,7416,FALSE
3028,pp,9804,FALSE
10452,pp,3028,FALSE
392,pp,5879,FALSE
3267,pp,9859,FALSE
9181,pp,9859,FALSE
54862,pp,9859,FALSE
1399,pp,9859,FALSE
9201,pp,9859,FALSE
1639,pp,9859,FALSE
283638,pp,9859,FALSE
3796,pp,9859,FALSE
7533,pp,9859,FALSE
10097,pp,9859,FALSE
817,pp,9859,FALSE
1459,pp,9859,FALSE
2885,pp,9859,FALSE
64342,pp,9859,FALSE
3927,pp,9859,FALSE
7798,pp,9859,FALSE
22919,pp,9859,FALSE
4507,pp,9859,FALSE
136319,pp,9859,FALSE
4677,pp,9859,FALSE
10529,pp,9859,FALSE
8682,pp,9859,FALSE
129285,pp,9859,FALSE
6386,pp,9859,FALSE
64744,pp,9859,FALSE
10910,pp,9859,FALSE
5976,pp,9859,FALSE
10121,pp,1639,FALSE
10120,pp,1639,FALSE
1639,pp,55750,FALSE
1639,pp,9212,FALSE
1639,pp,254863,FALSE
1639,pp,23271,FALSE
1639,pp,23332,FALSE
1213,pp,1639,FALSE
1639,pp,9201,FALSE
10540,pp,1639,FALSE
11258,pp,1639,FALSE
1639,pp,51164,FALSE
1639,pp,1785,FALSE
1639,pp,1778,FALSE
11160,pp,1639,FALSE
10525,pp,1639,FALSE
1639,pp,283638,FALSE
1639,pp,3796,FALSE
1639,pp,3927,FALSE
1639,pp,7798,FALSE
1639,pp,81631,FALSE
1639,pp,55201,FALSE
1639,pp,4133,FALSE
10982,pp,1639,FALSE
1639,pp,22924,FALSE
1639,pp,4673,FALSE
1639,pp,4676,FALSE
1639,pp,23530,FALSE
10213,pp,1639,FALSE
1639,pp,5713,FALSE
1639,pp,5862,FALSE
11021,pp,1639,FALSE
1639,pp,6391,FALSE
1639,pp,7384,FALSE
1639,pp,9181,FALSE
1639,pp,54862,FALSE
1639,pp,23122,FALSE
1639,pp,1781,FALSE
1639,pp,2011,FALSE
136319,pp,1639,FALSE
1639,pp,4698,FALSE
10529,pp,1639,FALSE
1639,pp,5048,FALSE
1639,pp,5976,FALSE
22848,pp,6993,FALSE
120,pp,6993,FALSE
27236,pp,6993,FALSE
57584,pp,6993,FALSE
1639,pp,6993,FALSE
10049,pp,6993,FALSE
667,pp,6993,FALSE
1778,pp,6993,FALSE
51143,pp,6993,FALSE
1783,pp,6993,FALSE
6993,pp,83658,FALSE
6993,pp,7798,FALSE
118,pp,6993,FALSE
2109,pp,6993,FALSE
2549,pp,6993,FALSE
6993,pp,9922,FALSE
29959,pp,6993,FALSE
6993,pp,8473,FALSE
11276,pp,6993,FALSE
84335,pp,84335,FALSE
57599,pp,7316,FALSE
5562,pp,9100,FALSE
9491,pp,9491,FALSE
10075,pp,7316,FALSE
9149,pp,9149,FALSE
1509,pp,6622,FALSE
1499,pp,5582,FALSE
81631,pp,8887,FALSE
10273,pp,10419,FALSE
7323,pp,7874,FALSE
5566,pp,5717,FALSE
6613,pp,8237,FALSE
3028,pp,4967,FALSE
3028,pp,498,FALSE
1431,pp,3028,FALSE
2746,pp,3028,FALSE
3028,pp,5160,FALSE
3028,pp,5162,FALSE
3028,pp,8050,FALSE
3028,pp,3030,FALSE
3028,pp,3032,FALSE
226,pp,3028,FALSE
2752,pp,3028,FALSE
3028,pp,4190,FALSE
6613,pp,7874,FALSE
7316,pp,8454,FALSE
7316,pp,8453,FALSE
7316,pp,8452,FALSE
7316,pp,9097,FALSE
3685,pp,5595,FALSE
5594,pp,9588,FALSE
1410,pp,351,FALSE
4155,pp,5599,FALSE
5447,pp,5447,FALSE
6708,pp,6708,FALSE
6711,pp,6711,FALSE
23176,pp,6711,FALSE
6711,pp,6812,FALSE
116986,pp,998,FALSE
116986,pp,5879,FALSE
116986,pp,387,FALSE
116986,pp,375,FALSE
1457,pp,5594,FALSE
6622,pp,7874,FALSE
7316,pp,7706,FALSE
5705,pp,8036,FALSE
55740,pp,5879,FALSE
1457,pp,3300,FALSE
56829,pp,7706,FALSE
1956,pp,3688,FALSE
873,pp,873,FALSE
11343,pp,11343,FALSE
38,pp,5160,FALSE
38,pp,54704,FALSE
1956,pp,5786,FALSE
10574,pp,333926,FALSE
10576,pp,333926,FALSE
22948,pp,333926,FALSE
333926,pp,7203,FALSE
333926,pp,6950,FALSE
10575,pp,333926,FALSE
2885,pp,5786,FALSE
2036,pp,5786,FALSE
23362,pp,5786,FALSE
10409,pp,5786,FALSE
11336,pp,5786,FALSE
10458,pp,5786,FALSE
2549,pp,5786,FALSE
5799,pp,9146,FALSE
5799,pp,8027,FALSE
3309,pp,5799,FALSE
5799,pp,6786,FALSE
5315,pp,9212,FALSE
1956,pp,5532,FALSE
1956,pp,5494,FALSE
5315,pp,5594,FALSE
6709,pp,6712,FALSE
6709,pp,8997,FALSE
3735,pp,6709,FALSE
5058,pp,5494,FALSE
5058,pp,5515,FALSE
5058,pp,5499,FALSE
5062,pp,5494,FALSE
5494,pp,5578,FALSE
387,pp,54443,FALSE
1933,pp,7178,FALSE
23558,pp,7316,FALSE
23558,pp,54472,FALSE
23558,pp,29979,FALSE
10075,pp,23558,FALSE
146691,pp,23558,FALSE
1499,pp,7874,FALSE
5550,pp,6622,FALSE
5594,pp,5609,FALSE
6262,pp,6262,FALSE
10457,pp,1956,FALSE
27122,pp,3417,FALSE
5781,pp,6772,FALSE
375,pp,55738,FALSE
5573,pp,7534,FALSE
22933,pp,396,FALSE
4155,pp,5786,FALSE
5579,pp,644,FALSE
644,pp,644,FALSE
1457,pp,7874,FALSE
7532,pp,84335,FALSE
7532,pp,7534,FALSE
960,pp,960,FALSE
483,pp,8682,FALSE
27101,pp,8682,FALSE
10987,pp,8682,FALSE
3337,pp,8682,FALSE
114876,pp,8682,FALSE
5236,pp,8682,FALSE
7082,pp,8682,FALSE
10075,pp,1499,FALSE
5518,pp,8541,FALSE
261726,pp,5518,FALSE
1152,pp,5518,FALSE
2235,pp,5518,FALSE
47,pp,5518,FALSE
5516,pp,5518,FALSE
5518,pp,5520,FALSE
11140,pp,5518,FALSE
5518,pp,55844,FALSE
51400,pp,5518,FALSE
28227,pp,5518,FALSE
5499,pp,5510,FALSE
5499,pp,55914,FALSE
5499,pp,55210,FALSE
5202,pp,5499,FALSE
5499,pp,8607,FALSE
47,pp,5520,FALSE
5516,pp,5520,FALSE
5515,pp,5520,FALSE
2235,pp,5515,FALSE
22948,pp,55844,FALSE
55844,pp,7203,FALSE
10575,pp,55844,FALSE
47,pp,55844,FALSE
5516,pp,55844,FALSE
5520,pp,55844,FALSE
5515,pp,55844,FALSE
10576,pp,55844,FALSE
10574,pp,55844,FALSE
55844,pp,80349,FALSE
51400,pp,55844,FALSE
5709,pp,7803,FALSE
7803,pp,8237,FALSE
5705,pp,7803,FALSE
5708,pp,7803,FALSE
5700,pp,5701,FALSE
3796,pp,6993,FALSE
2011,pp,8573,FALSE
10982,pp,8573,FALSE
3796,pp,8573,FALSE
4134,pp,998,FALSE
7531,pp,8573,FALSE
23332,pp,9793,FALSE
23332,pp,4134,FALSE
22919,pp,8573,FALSE
9040,pp,9040,FALSE
10075,pp,7874,FALSE
114569,pp,6285,FALSE
80318,pp,8546,FALSE
4747,pp,9146,FALSE
29979,pp,51138,FALSE
10419,pp,4691,FALSE
10419,pp,6632,FALSE
10397,pp,6252,FALSE
10273,pp,3313,FALSE
7415,pp,9927,FALSE
51569,pp,79876,FALSE
6844,pp,7415,FALSE
4893,pp,6093,FALSE
4893,pp,5413,FALSE
10938,pp,4893,FALSE
4354,pp,4893,FALSE
10458,pp,4893,FALSE
4893,pp,6558,FALSE
253260,pp,4893,FALSE
4893,pp,5333,FALSE
4893,pp,6708,FALSE
2011,pp,4893,FALSE
4893,pp,5297,FALSE
4893,pp,6305,FALSE
4140,pp,4893,FALSE
4893,pp,9475,FALSE
4893,pp,50488,FALSE
3996,pp,4893,FALSE
4893,pp,55914,FALSE
2885,pp,4893,FALSE
3688,pp,4893,FALSE
4893,pp,8650,FALSE
4893,pp,5573,FALSE
10542,pp,4893,FALSE
119,pp,4893,FALSE
4893,pp,54521,FALSE
4893,pp,682,FALSE
4893,pp,490,FALSE
10419,pp,4893,FALSE
2037,pp,4893,FALSE
4893,pp,493,FALSE
23157,pp,4893,FALSE
1739,pp,4893,FALSE
4893,pp,6520,FALSE
23176,pp,4893,FALSE
4893,pp,6059,FALSE
2036,pp,4893,FALSE
23191,pp,4893,FALSE
4893,pp,6711,FALSE
4893,pp,65108,FALSE
4893,pp,5711,FALSE
4893,pp,4905,FALSE
4893,pp,9253,FALSE
4478,pp,4893,FALSE
4893,pp,6709,FALSE
4893,pp,55752,FALSE
118,pp,4893,FALSE
10801,pp,4893,FALSE
23603,pp,4893,FALSE
4893,pp,7165,FALSE
4893,pp,989,FALSE
120,pp,4893,FALSE
23513,pp,4893,FALSE
10381,pp,4893,FALSE
10273,pp,10840,FALSE
302,pp,6187,FALSE
302,pp,4967,FALSE
